doncode,year,kpi,value
DAF001,2022,KPI_Climate_CPD,
DAF001,2022,KPI_ClimateHeat_CPD,
DAF001,2022,KPI_ReachCTP_CPD,316005
DAF001,2022,KPI_ReachDRER_CPD,2048776
DAF001,2022,KPI_ReachDRR_CPD,
DAF001,2022,KPI_ReachH_CPD,3617702
DAF001,2022,KPI_ReachHI_CPD,416679
DAF001,2022,KPI_ReachHPM_CPD,1600
DAF001,2022,KPI_ReachL_CPD,1445389
DAF001,2022,KPI_ReachLTSPD_CPD,3382377
DAF001,2022,KPI_ReachM_CPD,
DAF001,2022,KPI_ReachRCRCEd_CPD,225
DAF001,2022,KPI_ReachS_CPD,70062
DAF001,2022,KPI_ReachSI_CPD,
DAF001,2022,KPI_ReachWASH_CPD,63003
DAF001,2022,KPI_TrainFA_Tot,73
DAF001,2022,KPI_DonBlood_Tot,780
DAF001,2022,KPI_PeopleVol_Tot,24056
DAF001,2022,KPI_PStaff_Tot,3909
DAF001,2022,KPI_noLocalUnits,122
DAF001,2022,KPI_IncomeLC_CHF,22720988
DAF001,2022,KPI_expenditureLC_CHF,21541408
DAL001,2022,KPI_Climate_CPD,0
DAL001,2022,KPI_ClimateHeat_CPD,4000
DAL001,2022,KPI_ReachCTP_CPD,5000
DAL001,2022,KPI_ReachDRER_CPD,25000
DAL001,2022,KPI_ReachDRR_CPD,20000
DAL001,2022,KPI_ReachH_CPD,41000
DAL001,2022,KPI_ReachHI_CPD,27300
DAL001,2022,KPI_ReachHPM_CPD,1000
DAL001,2022,KPI_ReachL_CPD,5000
DAL001,2022,KPI_ReachLTSPD_CPD,15400
DAL001,2022,KPI_ReachM_CPD,485
DAL001,2022,KPI_ReachRCRCEd_CPD,20400
DAL001,2022,KPI_ReachS_CPD,100
DAL001,2022,KPI_ReachSI_CPD,7800
DAL001,2022,KPI_ReachWASH_CPD,2250
DAL001,2022,KPI_TrainFA_Tot,71638
DAL001,2022,KPI_DonBlood_Tot,4895
DAL001,2022,KPI_PeopleVol_Tot,2225
DAL001,2022,KPI_PStaff_Tot,62
DAL001,2022,KPI_noLocalUnits,39
DAL001,2022,KPI_IncomeLC_CHF,2545650
DAL001,2022,KPI_expenditureLC_CHF,1544930
DUS001,2022,KPI_Climate_CPD,
DUS001,2022,KPI_ClimateHeat_CPD,
DUS001,2022,KPI_ReachCTP_CPD,286970
DUS001,2022,KPI_ReachDRER_CPD,
DUS001,2022,KPI_ReachDRR_CPD,474867
DUS001,2022,KPI_ReachH_CPD,6058392
DUS001,2022,KPI_ReachHI_CPD,
DUS001,2022,KPI_ReachHPM_CPD,51972
DUS001,2022,KPI_ReachL_CPD,244095
DUS001,2022,KPI_ReachLTSPD_CPD,7351869
DUS001,2022,KPI_ReachM_CPD,
DUS001,2022,KPI_ReachRCRCEd_CPD,
DUS001,2022,KPI_ReachS_CPD,149551
DUS001,2022,KPI_ReachSI_CPD,
DUS001,2022,KPI_ReachWASH_CPD,
DUS001,2022,KPI_TrainFA_Tot,3295324
DUS001,2022,KPI_DonBlood_Tot,2167428
DUS001,2022,KPI_PeopleVol_Tot,275109
DUS001,2022,KPI_PStaff_Tot,17681
DUS001,2022,KPI_noLocalUnits,234
DUS001,2022,KPI_IncomeLC_CHF,3078009679
DUS001,2022,KPI_expenditureLC_CHF,2949814903
DAD001,2022,KPI_Climate_CPD,
DAD001,2022,KPI_ClimateHeat_CPD,72
DAD001,2022,KPI_ReachCTP_CPD,
DAD001,2022,KPI_ReachDRER_CPD,
DAD001,2022,KPI_ReachDRR_CPD,
DAD001,2022,KPI_ReachH_CPD,
DAD001,2022,KPI_ReachHI_CPD,
DAD001,2022,KPI_ReachHPM_CPD,
DAD001,2022,KPI_ReachL_CPD,
DAD001,2022,KPI_ReachLTSPD_CPD,564
DAD001,2022,KPI_ReachM_CPD,187
DAD001,2022,KPI_ReachRCRCEd_CPD,14
DAD001,2022,KPI_ReachS_CPD,
DAD001,2022,KPI_ReachSI_CPD,
DAD001,2022,KPI_ReachWASH_CPD,
DAD001,2022,KPI_TrainFA_Tot,3582
DAD001,2022,KPI_DonBlood_Tot,1450
DAD001,2022,KPI_PeopleVol_Tot,318
DAD001,2022,KPI_PStaff_Tot,51
DAD001,2022,KPI_noLocalUnits,1
DAD001,2022,KPI_IncomeLC_CHF,2684166
DAD001,2022,KPI_expenditureLC_CHF,2595220
DAG001,2022,KPI_Climate_CPD,
DAG001,2022,KPI_ClimateHeat_CPD,
DAG001,2022,KPI_ReachCTP_CPD,
DAG001,2022,KPI_ReachDRER_CPD,
DAG001,2022,KPI_ReachDRR_CPD,
DAG001,2022,KPI_ReachH_CPD,109
DAG001,2022,KPI_ReachHI_CPD,
DAG001,2022,KPI_ReachHPM_CPD,
DAG001,2022,KPI_ReachL_CPD,
DAG001,2022,KPI_ReachLTSPD_CPD,25
DAG001,2022,KPI_ReachM_CPD,1
DAG001,2022,KPI_ReachRCRCEd_CPD,
DAG001,2022,KPI_ReachS_CPD,11
DAG001,2022,KPI_ReachSI_CPD,
DAG001,2022,KPI_ReachWASH_CPD,14
DAG001,2022,KPI_TrainFA_Tot,152
DAG001,2022,KPI_DonBlood_Tot,
DAG001,2022,KPI_PeopleVol_Tot,83
DAG001,2022,KPI_PStaff_Tot,7
DAG001,2022,KPI_noLocalUnits,3
DAG001,2022,KPI_IncomeLC_CHF,169478
DAG001,2022,KPI_expenditureLC_CHF,154862
DAR001,2022,KPI_Climate_CPD,1781
DAR001,2022,KPI_ClimateHeat_CPD,
DAR001,2022,KPI_ReachCTP_CPD,
DAR001,2022,KPI_ReachDRER_CPD,2700
DAR001,2022,KPI_ReachDRR_CPD,5355
DAR001,2022,KPI_ReachH_CPD,12000
DAR001,2022,KPI_ReachHI_CPD,12770
DAR001,2022,KPI_ReachHPM_CPD,1504
DAR001,2022,KPI_ReachL_CPD,4257
DAR001,2022,KPI_ReachLTSPD_CPD,12078
DAR001,2022,KPI_ReachM_CPD,5210
DAR001,2022,KPI_ReachRCRCEd_CPD,14153
DAR001,2022,KPI_ReachS_CPD,362
DAR001,2022,KPI_ReachSI_CPD,765
DAR001,2022,KPI_ReachWASH_CPD,1181
DAR001,2022,KPI_TrainFA_Tot,38792
DAR001,2022,KPI_DonBlood_Tot,4342
DAR001,2022,KPI_PeopleVol_Tot,7160
DAR001,2022,KPI_PStaff_Tot,1800
DAR001,2022,KPI_noLocalUnits,65
DAR001,2022,KPI_IncomeLC_CHF,34827314
DAR001,2022,KPI_expenditureLC_CHF,37814889
DAM001,2022,KPI_Climate_CPD,
DAM001,2022,KPI_ClimateHeat_CPD,
DAM001,2022,KPI_ReachCTP_CPD,30318
DAM001,2022,KPI_ReachDRER_CPD,13794
DAM001,2022,KPI_ReachDRR_CPD,10484
DAM001,2022,KPI_ReachH_CPD,176000
DAM001,2022,KPI_ReachHI_CPD,
DAM001,2022,KPI_ReachHPM_CPD,2108
DAM001,2022,KPI_ReachL_CPD,510
DAM001,2022,KPI_ReachLTSPD_CPD,1759
DAM001,2022,KPI_ReachM_CPD,20264
DAM001,2022,KPI_ReachRCRCEd_CPD,1980
DAM001,2022,KPI_ReachS_CPD,
DAM001,2022,KPI_ReachSI_CPD,959489
DAM001,2022,KPI_ReachWASH_CPD,135200
DAM001,2022,KPI_TrainFA_Tot,5080
DAM001,2022,KPI_DonBlood_Tot,
DAM001,2022,KPI_PeopleVol_Tot,6858
DAM001,2022,KPI_PStaff_Tot,169
DAM001,2022,KPI_noLocalUnits,69
DAM001,2022,KPI_IncomeLC_CHF,6786315
DAM001,2022,KPI_expenditureLC_CHF,6285073
DAU001,2022,KPI_Climate_CPD,
DAU001,2022,KPI_ClimateHeat_CPD,
DAU001,2022,KPI_ReachCTP_CPD,131000
DAU001,2022,KPI_ReachDRER_CPD,792847
DAU001,2022,KPI_ReachDRR_CPD,9040060
DAU001,2022,KPI_ReachH_CPD,736367
DAU001,2022,KPI_ReachHI_CPD,
DAU001,2022,KPI_ReachHPM_CPD,173000
DAU001,2022,KPI_ReachL_CPD,9040600
DAU001,2022,KPI_ReachLTSPD_CPD,9040060
DAU001,2022,KPI_ReachM_CPD,65974
DAU001,2022,KPI_ReachRCRCEd_CPD,12900
DAU001,2022,KPI_ReachS_CPD,
DAU001,2022,KPI_ReachSI_CPD,4619
DAU001,2022,KPI_ReachWASH_CPD,
DAU001,2022,KPI_TrainFA_Tot,41007
DAU001,2022,KPI_DonBlood_Tot,521000
DAU001,2022,KPI_PeopleVol_Tot,12676
DAU001,2022,KPI_PStaff_Tot,5760
DAU001,2022,KPI_noLocalUnits,799
DAU001,2022,KPI_IncomeLC_CHF,707507944
DAU001,2022,KPI_expenditureLC_CHF,766173497
DBD001,2022,KPI_Climate_CPD,64194
DBD001,2022,KPI_ClimateHeat_CPD,1300
DBD001,2022,KPI_ReachCTP_CPD,220677
DBD001,2022,KPI_ReachDRER_CPD,30772793
DBD001,2022,KPI_ReachDRR_CPD,783715
DBD001,2022,KPI_ReachH_CPD,1723199
DBD001,2022,KPI_ReachHI_CPD,27390870
DBD001,2022,KPI_ReachHPM_CPD,111326
DBD001,2022,KPI_ReachL_CPD,240832
DBD001,2022,KPI_ReachLTSPD_CPD,1063035
DBD001,2022,KPI_ReachM_CPD,13466
DBD001,2022,KPI_ReachRCRCEd_CPD,57119
DBD001,2022,KPI_ReachS_CPD,497502
DBD001,2022,KPI_ReachSI_CPD,110858
DBD001,2022,KPI_ReachWASH_CPD,617052
DBD001,2022,KPI_TrainFA_Tot,32360
DBD001,2022,KPI_DonBlood_Tot,87470
DBD001,2022,KPI_PeopleVol_Tot,122559
DBD001,2022,KPI_PStaff_Tot,2757
DBD001,2022,KPI_noLocalUnits,68
DBD001,2022,KPI_IncomeLC_CHF,40957217
DBD001,2022,KPI_expenditureLC_CHF,37592611
DBE001,2022,KPI_Climate_CPD,
DBE001,2022,KPI_ClimateHeat_CPD,
DBE001,2022,KPI_ReachCTP_CPD,
DBE001,2022,KPI_ReachDRER_CPD,
DBE001,2022,KPI_ReachDRR_CPD,
DBE001,2022,KPI_ReachH_CPD,
DBE001,2022,KPI_ReachHI_CPD,
DBE001,2022,KPI_ReachHPM_CPD,
DBE001,2022,KPI_ReachL_CPD,
DBE001,2022,KPI_ReachLTSPD_CPD,
DBE001,2022,KPI_ReachM_CPD,
DBE001,2022,KPI_ReachRCRCEd_CPD,
DBE001,2022,KPI_ReachS_CPD,
DBE001,2022,KPI_ReachSI_CPD,
DBE001,2022,KPI_ReachWASH_CPD,
DBE001,2022,KPI_TrainFA_Tot,77081
DBE001,2022,KPI_DonBlood_Tot,232265
DBE001,2022,KPI_PeopleVol_Tot,24928
DBE001,2022,KPI_PStaff_Tot,4312
DBE001,2022,KPI_noLocalUnits,474
DBE001,2022,KPI_IncomeLC_CHF,496924282
DBE001,2022,KPI_expenditureLC_CHF,491988613
DBT001,2022,KPI_Climate_CPD,
DBT001,2022,KPI_ClimateHeat_CPD,
DBT001,2022,KPI_ReachCTP_CPD,
DBT001,2022,KPI_ReachDRER_CPD,500000
DBT001,2022,KPI_ReachDRR_CPD,684
DBT001,2022,KPI_ReachH_CPD,500000
DBT001,2022,KPI_ReachHI_CPD,
DBT001,2022,KPI_ReachHPM_CPD,
DBT001,2022,KPI_ReachL_CPD,
DBT001,2022,KPI_ReachLTSPD_CPD,275
DBT001,2022,KPI_ReachM_CPD,
DBT001,2022,KPI_ReachRCRCEd_CPD,101500
DBT001,2022,KPI_ReachS_CPD,
DBT001,2022,KPI_ReachSI_CPD,750
DBT001,2022,KPI_ReachWASH_CPD,91000
DBT001,2022,KPI_TrainFA_Tot,684
DBT001,2022,KPI_DonBlood_Tot,
DBT001,2022,KPI_PeopleVol_Tot,5792
DBT001,2022,KPI_PStaff_Tot,10
DBT001,2022,KPI_noLocalUnits,1
DBT001,2022,KPI_IncomeLC_CHF,341658
DBT001,2022,KPI_expenditureLC_CHF,240097
DBR001,2022,KPI_Climate_CPD,
DBR001,2022,KPI_ClimateHeat_CPD,
DBR001,2022,KPI_ReachCTP_CPD,
DBR001,2022,KPI_ReachDRER_CPD,
DBR001,2022,KPI_ReachDRR_CPD,
DBR001,2022,KPI_ReachH_CPD,
DBR001,2022,KPI_ReachHI_CPD,
DBR001,2022,KPI_ReachHPM_CPD,
DBR001,2022,KPI_ReachL_CPD,
DBR001,2022,KPI_ReachLTSPD_CPD,
DBR001,2022,KPI_ReachM_CPD,
DBR001,2022,KPI_ReachRCRCEd_CPD,
DBR001,2022,KPI_ReachS_CPD,
DBR001,2022,KPI_ReachSI_CPD,
DBR001,2022,KPI_ReachWASH_CPD,
DBR001,2022,KPI_TrainFA_Tot,
DBR001,2022,KPI_DonBlood_Tot,
DBR001,2022,KPI_PeopleVol_Tot,11790
DBR001,2022,KPI_PStaff_Tot,1810
DBR001,2022,KPI_noLocalUnits,69
DBR001,2022,KPI_IncomeLC_CHF,1382050
DBR001,2022,KPI_expenditureLC_CHF,1618976
DGB001,2022,KPI_Climate_CPD,
DGB001,2022,KPI_ClimateHeat_CPD,
DGB001,2022,KPI_ReachCTP_CPD,66592
DGB001,2022,KPI_ReachDRER_CPD,115858
DGB001,2022,KPI_ReachDRR_CPD,
DGB001,2022,KPI_ReachH_CPD,70459
DGB001,2022,KPI_ReachHI_CPD,176652
DGB001,2022,KPI_ReachHPM_CPD,
DGB001,2022,KPI_ReachL_CPD,
DGB001,2022,KPI_ReachLTSPD_CPD,
DGB001,2022,KPI_ReachM_CPD,31272
DGB001,2022,KPI_ReachRCRCEd_CPD,
DGB001,2022,KPI_ReachS_CPD,
DGB001,2022,KPI_ReachSI_CPD,
DGB001,2022,KPI_ReachWASH_CPD,
DGB001,2022,KPI_TrainFA_Tot,137213
DGB001,2022,KPI_DonBlood_Tot,
DGB001,2022,KPI_PeopleVol_Tot,21394
DGB001,2022,KPI_PStaff_Tot,4758
DGB001,2022,KPI_noLocalUnits,520
DGB001,2022,KPI_IncomeLC_CHF,542056998
DGB001,2022,KPI_expenditureLC_CHF,452743221
DBG001,2022,KPI_Climate_CPD,
DBG001,2022,KPI_ClimateHeat_CPD,
DBG001,2022,KPI_ReachCTP_CPD,28312
DBG001,2022,KPI_ReachDRER_CPD,215962
DBG001,2022,KPI_ReachDRR_CPD,426148
DBG001,2022,KPI_ReachH_CPD,754001
DBG001,2022,KPI_ReachHI_CPD,2531
DBG001,2022,KPI_ReachHPM_CPD,23426
DBG001,2022,KPI_ReachL_CPD,239914
DBG001,2022,KPI_ReachLTSPD_CPD,
DBG001,2022,KPI_ReachM_CPD,115934
DBG001,2022,KPI_ReachRCRCEd_CPD,
DBG001,2022,KPI_ReachS_CPD,42865
DBG001,2022,KPI_ReachSI_CPD,169353
DBG001,2022,KPI_ReachWASH_CPD,401101
DBG001,2022,KPI_TrainFA_Tot,68314
DBG001,2022,KPI_DonBlood_Tot,34797
DBG001,2022,KPI_PeopleVol_Tot,16367
DBG001,2022,KPI_PStaff_Tot,501
DBG001,2022,KPI_noLocalUnits,35
DBG001,2022,KPI_IncomeLC_CHF,17819970
DBG001,2022,KPI_expenditureLC_CHF,15698849
DBF001,2022,KPI_Climate_CPD,10479
DBF001,2022,KPI_ClimateHeat_CPD,
DBF001,2022,KPI_ReachCTP_CPD,942672
DBF001,2022,KPI_ReachDRER_CPD,1324220
DBF001,2022,KPI_ReachDRR_CPD,1131749
DBF001,2022,KPI_ReachH_CPD,3027038
DBF001,2022,KPI_ReachHI_CPD,355301
DBF001,2022,KPI_ReachHPM_CPD,376023
DBF001,2022,KPI_ReachL_CPD,22799
DBF001,2022,KPI_ReachLTSPD_CPD,1725456
DBF001,2022,KPI_ReachM_CPD,18048
DBF001,2022,KPI_ReachRCRCEd_CPD,
DBF001,2022,KPI_ReachS_CPD,223872
DBF001,2022,KPI_ReachSI_CPD,38906
DBF001,2022,KPI_ReachWASH_CPD,1146350
DBF001,2022,KPI_TrainFA_Tot,2047
DBF001,2022,KPI_DonBlood_Tot,149
DBF001,2022,KPI_PeopleVol_Tot,45700
DBF001,2022,KPI_PStaff_Tot,325
DBF001,2022,KPI_noLocalUnits,45
DBF001,2022,KPI_IncomeLC_CHF,19117487
DBF001,2022,KPI_expenditureLC_CHF,18003385
DBI001,2022,KPI_Climate_CPD,28164
DBI001,2022,KPI_ClimateHeat_CPD,
DBI001,2022,KPI_ReachCTP_CPD,37248
DBI001,2022,KPI_ReachDRER_CPD,349184
DBI001,2022,KPI_ReachDRR_CPD,33200
DBI001,2022,KPI_ReachH_CPD,11029955
DBI001,2022,KPI_ReachHI_CPD,14581
DBI001,2022,KPI_ReachHPM_CPD,141908
DBI001,2022,KPI_ReachL_CPD,539249
DBI001,2022,KPI_ReachLTSPD_CPD,387702
DBI001,2022,KPI_ReachM_CPD,80273
DBI001,2022,KPI_ReachRCRCEd_CPD,
DBI001,2022,KPI_ReachS_CPD,3396
DBI001,2022,KPI_ReachSI_CPD,472654
DBI001,2022,KPI_ReachWASH_CPD,1646436
DBI001,2022,KPI_TrainFA_Tot,6026
DBI001,2022,KPI_DonBlood_Tot,
DBI001,2022,KPI_PeopleVol_Tot,560084
DBI001,2022,KPI_PStaff_Tot,783
DBI001,2022,KPI_noLocalUnits,2928
DBI001,2022,KPI_IncomeLC_CHF,11898098
DBI001,2022,KPI_expenditureLC_CHF,8907839
DKH001,2022,KPI_Climate_CPD,
DKH001,2022,KPI_ClimateHeat_CPD,
DKH001,2022,KPI_ReachCTP_CPD,2498
DKH001,2022,KPI_ReachDRER_CPD,347208
DKH001,2022,KPI_ReachDRR_CPD,152272
DKH001,2022,KPI_ReachH_CPD,518450
DKH001,2022,KPI_ReachHI_CPD,
DKH001,2022,KPI_ReachHPM_CPD,
DKH001,2022,KPI_ReachL_CPD,414
DKH001,2022,KPI_ReachLTSPD_CPD,1009718
DKH001,2022,KPI_ReachM_CPD,13503
DKH001,2022,KPI_ReachRCRCEd_CPD,450
DKH001,2022,KPI_ReachS_CPD,529
DKH001,2022,KPI_ReachSI_CPD,6120
DKH001,2022,KPI_ReachWASH_CPD,38609
DKH001,2022,KPI_TrainFA_Tot,16842
DKH001,2022,KPI_DonBlood_Tot,
DKH001,2022,KPI_PeopleVol_Tot,53314
DKH001,2022,KPI_PStaff_Tot,358
DKH001,2022,KPI_noLocalUnits,1881
DKH001,2022,KPI_IncomeLC_CHF,
DKH001,2022,KPI_expenditureLC_CHF,
DCL001,2022,KPI_Climate_CPD,
DCL001,2022,KPI_ClimateHeat_CPD,
DCL001,2022,KPI_ReachCTP_CPD,1316
DCL001,2022,KPI_ReachDRER_CPD,
DCL001,2022,KPI_ReachDRR_CPD,1095
DCL001,2022,KPI_ReachH_CPD,
DCL001,2022,KPI_ReachHI_CPD,
DCL001,2022,KPI_ReachHPM_CPD,2984
DCL001,2022,KPI_ReachL_CPD,
DCL001,2022,KPI_ReachLTSPD_CPD,
DCL001,2022,KPI_ReachM_CPD,5545
DCL001,2022,KPI_ReachRCRCEd_CPD,
DCL001,2022,KPI_ReachS_CPD,
DCL001,2022,KPI_ReachSI_CPD,
DCL001,2022,KPI_ReachWASH_CPD,
DCL001,2022,KPI_TrainFA_Tot,3000
DCL001,2022,KPI_DonBlood_Tot,
DCL001,2022,KPI_PeopleVol_Tot,3000
DCL001,2022,KPI_PStaff_Tot,18
DCL001,2022,KPI_noLocalUnits,158
DCL001,2022,KPI_IncomeLC_CHF,533974
DCL001,2022,KPI_expenditureLC_CHF,533974
DCO001,2022,KPI_Climate_CPD,
DCO001,2022,KPI_ClimateHeat_CPD,
DCO001,2022,KPI_ReachCTP_CPD,13476
DCO001,2022,KPI_ReachDRER_CPD,866443
DCO001,2022,KPI_ReachDRR_CPD,941786
DCO001,2022,KPI_ReachH_CPD,2249822
DCO001,2022,KPI_ReachHI_CPD,
DCO001,2022,KPI_ReachHPM_CPD,4500
DCO001,2022,KPI_ReachL_CPD,596
DCO001,2022,KPI_ReachLTSPD_CPD,128430
DCO001,2022,KPI_ReachM_CPD,270673
DCO001,2022,KPI_ReachRCRCEd_CPD,575536
DCO001,2022,KPI_ReachS_CPD,24988
DCO001,2022,KPI_ReachSI_CPD,523215
DCO001,2022,KPI_ReachWASH_CPD,14418
DCO001,2022,KPI_TrainFA_Tot,0
DCO001,2022,KPI_DonBlood_Tot,131847
DCO001,2022,KPI_PeopleVol_Tot,25722
DCO001,2022,KPI_PStaff_Tot,2900
DCO001,2022,KPI_noLocalUnits,209
DCO001,2022,KPI_IncomeLC_CHF,36271001
DCO001,2022,KPI_expenditureLC_CHF,35722390
DCG001,2022,KPI_Climate_CPD,25370
DCG001,2022,KPI_ClimateHeat_CPD,
DCG001,2022,KPI_ReachCTP_CPD,680
DCG001,2022,KPI_ReachDRER_CPD,680
DCG001,2022,KPI_ReachDRR_CPD,101036
DCG001,2022,KPI_ReachH_CPD,95716
DCG001,2022,KPI_ReachHI_CPD,224006
DCG001,2022,KPI_ReachHPM_CPD,42600
DCG001,2022,KPI_ReachL_CPD,75556
DCG001,2022,KPI_ReachLTSPD_CPD,97864
DCG001,2022,KPI_ReachM_CPD,
DCG001,2022,KPI_ReachRCRCEd_CPD,202018
DCG001,2022,KPI_ReachS_CPD,
DCG001,2022,KPI_ReachSI_CPD,54096
DCG001,2022,KPI_ReachWASH_CPD,51134
DCG001,2022,KPI_TrainFA_Tot,
DCG001,2022,KPI_DonBlood_Tot,4083
DCG001,2022,KPI_PeopleVol_Tot,13000
DCG001,2022,KPI_PStaff_Tot,22
DCG001,2022,KPI_noLocalUnits,6
DCG001,2022,KPI_IncomeLC_CHF,673992
DCG001,2022,KPI_expenditureLC_CHF,673588
DCR001,2022,KPI_Climate_CPD,600
DCR001,2022,KPI_ClimateHeat_CPD,
DCR001,2022,KPI_ReachCTP_CPD,3472
DCR001,2022,KPI_ReachDRER_CPD,175
DCR001,2022,KPI_ReachDRR_CPD,60258
DCR001,2022,KPI_ReachH_CPD,52205
DCR001,2022,KPI_ReachHI_CPD,
DCR001,2022,KPI_ReachHPM_CPD,183
DCR001,2022,KPI_ReachL_CPD,
DCR001,2022,KPI_ReachLTSPD_CPD,259
DCR001,2022,KPI_ReachM_CPD,6854
DCR001,2022,KPI_ReachRCRCEd_CPD,
DCR001,2022,KPI_ReachS_CPD,
DCR001,2022,KPI_ReachSI_CPD,811
DCR001,2022,KPI_ReachWASH_CPD,44517
DCR001,2022,KPI_TrainFA_Tot,2310
DCR001,2022,KPI_DonBlood_Tot,
DCR001,2022,KPI_PeopleVol_Tot,4761
DCR001,2022,KPI_PStaff_Tot,1236
DCR001,2022,KPI_noLocalUnits,133
DCR001,2022,KPI_IncomeLC_CHF,35481246
DCR001,2022,KPI_expenditureLC_CHF,36251358
DCU001,2022,KPI_Climate_CPD,
DCU001,2022,KPI_ClimateHeat_CPD,
DCU001,2022,KPI_ReachCTP_CPD,0
DCU001,2022,KPI_ReachDRER_CPD,3860
DCU001,2022,KPI_ReachDRR_CPD,2090740
DCU001,2022,KPI_ReachH_CPD,1648915
DCU001,2022,KPI_ReachHI_CPD,
DCU001,2022,KPI_ReachHPM_CPD,3860
DCU001,2022,KPI_ReachL_CPD,0
DCU001,2022,KPI_ReachLTSPD_CPD,0
DCU001,2022,KPI_ReachM_CPD,3649
DCU001,2022,KPI_ReachRCRCEd_CPD,36380
DCU001,2022,KPI_ReachS_CPD,0
DCU001,2022,KPI_ReachSI_CPD,
DCU001,2022,KPI_ReachWASH_CPD,0
DCU001,2022,KPI_TrainFA_Tot,78451
DCU001,2022,KPI_DonBlood_Tot,10498
DCU001,2022,KPI_PeopleVol_Tot,47832
DCU001,2022,KPI_PStaff_Tot,592
DCU001,2022,KPI_noLocalUnits,1721
DCU001,2022,KPI_IncomeLC_CHF,1081509
DCU001,2022,KPI_expenditureLC_CHF,1074770
DCZ001,2022,KPI_Climate_CPD,92
DCZ001,2022,KPI_ClimateHeat_CPD,96
DCZ001,2022,KPI_ReachCTP_CPD,
DCZ001,2022,KPI_ReachDRER_CPD,146016
DCZ001,2022,KPI_ReachDRR_CPD,210800
DCZ001,2022,KPI_ReachH_CPD,86236
DCZ001,2022,KPI_ReachHI_CPD,184856
DCZ001,2022,KPI_ReachHPM_CPD,8400
DCZ001,2022,KPI_ReachL_CPD,
DCZ001,2022,KPI_ReachLTSPD_CPD,438792
DCZ001,2022,KPI_ReachM_CPD,1429012
DCZ001,2022,KPI_ReachRCRCEd_CPD,22340
DCZ001,2022,KPI_ReachS_CPD,
DCZ001,2022,KPI_ReachSI_CPD,40
DCZ001,2022,KPI_ReachWASH_CPD,
DCZ001,2022,KPI_TrainFA_Tot,56348
DCZ001,2022,KPI_DonBlood_Tot,246000
DCZ001,2022,KPI_PeopleVol_Tot,14833
DCZ001,2022,KPI_PStaff_Tot,563
DCZ001,2022,KPI_noLocalUnits,62
DCZ001,2022,KPI_IncomeLC_CHF,
DCZ001,2022,KPI_expenditureLC_CHF,
DDK001,2022,KPI_Climate_CPD,
DDK001,2022,KPI_ClimateHeat_CPD,
DDK001,2022,KPI_ReachCTP_CPD,96696
DDK001,2022,KPI_ReachDRER_CPD,28857
DDK001,2022,KPI_ReachDRR_CPD,
DDK001,2022,KPI_ReachH_CPD,21917
DDK001,2022,KPI_ReachHI_CPD,
DDK001,2022,KPI_ReachHPM_CPD,33711
DDK001,2022,KPI_ReachL_CPD,
DDK001,2022,KPI_ReachLTSPD_CPD,33711
DDK001,2022,KPI_ReachM_CPD,55385
DDK001,2022,KPI_ReachRCRCEd_CPD,
DDK001,2022,KPI_ReachS_CPD,
DDK001,2022,KPI_ReachSI_CPD,535686
DDK001,2022,KPI_ReachWASH_CPD,
DDK001,2022,KPI_TrainFA_Tot,45000
DDK001,2022,KPI_DonBlood_Tot,
DDK001,2022,KPI_PeopleVol_Tot,43324
DDK001,2022,KPI_PStaff_Tot,1013
DDK001,2022,KPI_noLocalUnits,202
DDK001,2022,KPI_IncomeLC_CHF,281333536
DDK001,2022,KPI_expenditureLC_CHF,268824141
DDM001,2022,KPI_Climate_CPD,296
DDM001,2022,KPI_ClimateHeat_CPD,299
DDM001,2022,KPI_ReachCTP_CPD,0
DDM001,2022,KPI_ReachDRER_CPD,296
DDM001,2022,KPI_ReachDRR_CPD,296
DDM001,2022,KPI_ReachH_CPD,99
DDM001,2022,KPI_ReachHI_CPD,
DDM001,2022,KPI_ReachHPM_CPD,11
DDM001,2022,KPI_ReachL_CPD,202
DDM001,2022,KPI_ReachLTSPD_CPD,158
DDM001,2022,KPI_ReachM_CPD,0
DDM001,2022,KPI_ReachRCRCEd_CPD,50
DDM001,2022,KPI_ReachS_CPD,62
DDM001,2022,KPI_ReachSI_CPD,0
DDM001,2022,KPI_ReachWASH_CPD,19
DDM001,2022,KPI_TrainFA_Tot,426
DDM001,2022,KPI_DonBlood_Tot,
DDM001,2022,KPI_PeopleVol_Tot,200
DDM001,2022,KPI_PStaff_Tot,6
DDM001,2022,KPI_noLocalUnits,10
DDM001,2022,KPI_IncomeLC_CHF,2052932
DDM001,2022,KPI_expenditureLC_CHF,239485
DDO001,2022,KPI_Climate_CPD,1386
DDO001,2022,KPI_ClimateHeat_CPD,
DDO001,2022,KPI_ReachCTP_CPD,
DDO001,2022,KPI_ReachDRER_CPD,543495
DDO001,2022,KPI_ReachDRR_CPD,1326
DDO001,2022,KPI_ReachH_CPD,6664587
DDO001,2022,KPI_ReachHI_CPD,1968852
DDO001,2022,KPI_ReachHPM_CPD,336032
DDO001,2022,KPI_ReachL_CPD,
DDO001,2022,KPI_ReachLTSPD_CPD,10249919
DDO001,2022,KPI_ReachM_CPD,6990
DDO001,2022,KPI_ReachRCRCEd_CPD,
DDO001,2022,KPI_ReachS_CPD,
DDO001,2022,KPI_ReachSI_CPD,4686
DDO001,2022,KPI_ReachWASH_CPD,2253037
DDO001,2022,KPI_TrainFA_Tot,4308
DDO001,2022,KPI_DonBlood_Tot,44755
DDO001,2022,KPI_PeopleVol_Tot,14864
DDO001,2022,KPI_PStaff_Tot,1175
DDO001,2022,KPI_noLocalUnits,145
DDO001,2022,KPI_IncomeLC_CHF,17315647
DDO001,2022,KPI_expenditureLC_CHF,15369162
DEC001,2022,KPI_Climate_CPD,
DEC001,2022,KPI_ClimateHeat_CPD,
DEC001,2022,KPI_ReachCTP_CPD,62285
DEC001,2022,KPI_ReachDRER_CPD,1006295
DEC001,2022,KPI_ReachDRR_CPD,86240
DEC001,2022,KPI_ReachH_CPD,1889415
DEC001,2022,KPI_ReachHI_CPD,108944
DEC001,2022,KPI_ReachHPM_CPD,28554
DEC001,2022,KPI_ReachL_CPD,18940
DEC001,2022,KPI_ReachLTSPD_CPD,793475
DEC001,2022,KPI_ReachM_CPD,358115
DEC001,2022,KPI_ReachRCRCEd_CPD,128
DEC001,2022,KPI_ReachS_CPD,
DEC001,2022,KPI_ReachSI_CPD,6441
DEC001,2022,KPI_ReachWASH_CPD,356480
DEC001,2022,KPI_TrainFA_Tot,10500
DEC001,2022,KPI_DonBlood_Tot,244872
DEC001,2022,KPI_PeopleVol_Tot,8156
DEC001,2022,KPI_PStaff_Tot,205
DEC001,2022,KPI_noLocalUnits,106
DEC001,2022,KPI_IncomeLC_CHF,25262080
DEC001,2022,KPI_expenditureLC_CHF,24243847
DEE001,2022,KPI_Climate_CPD,
DEE001,2022,KPI_ClimateHeat_CPD,
DEE001,2022,KPI_ReachCTP_CPD,
DEE001,2022,KPI_ReachDRER_CPD,
DEE001,2022,KPI_ReachDRR_CPD,
DEE001,2022,KPI_ReachH_CPD,4000
DEE001,2022,KPI_ReachHI_CPD,
DEE001,2022,KPI_ReachHPM_CPD,
DEE001,2022,KPI_ReachL_CPD,
DEE001,2022,KPI_ReachLTSPD_CPD,207
DEE001,2022,KPI_ReachM_CPD,2500
DEE001,2022,KPI_ReachRCRCEd_CPD,39
DEE001,2022,KPI_ReachS_CPD,
DEE001,2022,KPI_ReachSI_CPD,777
DEE001,2022,KPI_ReachWASH_CPD,1400
DEE001,2022,KPI_TrainFA_Tot,21059
DEE001,2022,KPI_DonBlood_Tot,
DEE001,2022,KPI_PeopleVol_Tot,488
DEE001,2022,KPI_PStaff_Tot,30
DEE001,2022,KPI_noLocalUnits,17
DEE001,2022,KPI_IncomeLC_CHF,7427612
DEE001,2022,KPI_expenditureLC_CHF,6378137
DFI001,2022,KPI_Climate_CPD,
DFI001,2022,KPI_ClimateHeat_CPD,
DFI001,2022,KPI_ReachCTP_CPD,105000
DFI001,2022,KPI_ReachDRER_CPD,
DFI001,2022,KPI_ReachDRR_CPD,
DFI001,2022,KPI_ReachH_CPD,6857
DFI001,2022,KPI_ReachHI_CPD,
DFI001,2022,KPI_ReachHPM_CPD,29097
DFI001,2022,KPI_ReachL_CPD,
DFI001,2022,KPI_ReachLTSPD_CPD,289
DFI001,2022,KPI_ReachM_CPD,14644
DFI001,2022,KPI_ReachRCRCEd_CPD,94464
DFI001,2022,KPI_ReachS_CPD,
DFI001,2022,KPI_ReachSI_CPD,
DFI001,2022,KPI_ReachWASH_CPD,
DFI001,2022,KPI_TrainFA_Tot,89276
DFI001,2022,KPI_DonBlood_Tot,123817
DFI001,2022,KPI_PeopleVol_Tot,21318
DFI001,2022,KPI_PStaff_Tot,230
DFI001,2022,KPI_noLocalUnits,445
DFI001,2022,KPI_IncomeLC_CHF,187549347
DFI001,2022,KPI_expenditureLC_CHF,186010333
DDE001,2022,KPI_Climate_CPD,
DDE001,2022,KPI_ClimateHeat_CPD,
DDE001,2022,KPI_ReachCTP_CPD,
DDE001,2022,KPI_ReachDRER_CPD,
DDE001,2022,KPI_ReachDRR_CPD,527995
DDE001,2022,KPI_ReachH_CPD,1612459
DDE001,2022,KPI_ReachHI_CPD,
DDE001,2022,KPI_ReachHPM_CPD,
DDE001,2022,KPI_ReachL_CPD,422269
DDE001,2022,KPI_ReachLTSPD_CPD,
DDE001,2022,KPI_ReachM_CPD,
DDE001,2022,KPI_ReachRCRCEd_CPD,
DDE001,2022,KPI_ReachS_CPD,146031
DDE001,2022,KPI_ReachSI_CPD,
DDE001,2022,KPI_ReachWASH_CPD,345424
DDE001,2022,KPI_TrainFA_Tot,1800000
DDE001,2022,KPI_DonBlood_Tot,1500000
DDE001,2022,KPI_PeopleVol_Tot,442298
DDE001,2022,KPI_PStaff_Tot,193773
DDE001,2022,KPI_noLocalUnits,4494
DDE001,2022,KPI_IncomeLC_CHF,9895080546
DDE001,2022,KPI_expenditureLC_CHF,9895080546
DGT001,2022,KPI_Climate_CPD,
DGT001,2022,KPI_ClimateHeat_CPD,
DGT001,2022,KPI_ReachCTP_CPD,7422
DGT001,2022,KPI_ReachDRER_CPD,49378
DGT001,2022,KPI_ReachDRR_CPD,
DGT001,2022,KPI_ReachH_CPD,561474
DGT001,2022,KPI_ReachHI_CPD,
DGT001,2022,KPI_ReachHPM_CPD,9336
DGT001,2022,KPI_ReachL_CPD,1237
DGT001,2022,KPI_ReachLTSPD_CPD,331165
DGT001,2022,KPI_ReachM_CPD,
DGT001,2022,KPI_ReachRCRCEd_CPD,
DGT001,2022,KPI_ReachS_CPD,
DGT001,2022,KPI_ReachSI_CPD,1128
DGT001,2022,KPI_ReachWASH_CPD,9936
DGT001,2022,KPI_TrainFA_Tot,592
DGT001,2022,KPI_DonBlood_Tot,3497
DGT001,2022,KPI_PeopleVol_Tot,1730
DGT001,2022,KPI_PStaff_Tot,259
DGT001,2022,KPI_noLocalUnits,21
DGT001,2022,KPI_IncomeLC_CHF,9771815
DGT001,2022,KPI_expenditureLC_CHF,7808452
DGR001,2022,KPI_Climate_CPD,
DGR001,2022,KPI_ClimateHeat_CPD,
DGR001,2022,KPI_ReachCTP_CPD,
DGR001,2022,KPI_ReachDRER_CPD,
DGR001,2022,KPI_ReachDRR_CPD,
DGR001,2022,KPI_ReachH_CPD,
DGR001,2022,KPI_ReachHI_CPD,
DGR001,2022,KPI_ReachHPM_CPD,
DGR001,2022,KPI_ReachL_CPD,
DGR001,2022,KPI_ReachLTSPD_CPD,
DGR001,2022,KPI_ReachM_CPD,
DGR001,2022,KPI_ReachRCRCEd_CPD,
DGR001,2022,KPI_ReachS_CPD,
DGR001,2022,KPI_ReachSI_CPD,
DGR001,2022,KPI_ReachWASH_CPD,
DGR001,2022,KPI_TrainFA_Tot,
DGR001,2022,KPI_DonBlood_Tot,
DGR001,2022,KPI_PeopleVol_Tot,
DGR001,2022,KPI_PStaff_Tot,
DGR001,2022,KPI_noLocalUnits,
DGR001,2022,KPI_IncomeLC_CHF,
DGR001,2022,KPI_expenditureLC_CHF,
DHN001,2022,KPI_Climate_CPD,
DHN001,2022,KPI_ClimateHeat_CPD,
DHN001,2022,KPI_ReachCTP_CPD,44985
DHN001,2022,KPI_ReachDRER_CPD,2177
DHN001,2022,KPI_ReachDRR_CPD,91828
DHN001,2022,KPI_ReachH_CPD,35403
DHN001,2022,KPI_ReachHI_CPD,
DHN001,2022,KPI_ReachHPM_CPD,2067
DHN001,2022,KPI_ReachL_CPD,216
DHN001,2022,KPI_ReachLTSPD_CPD,10760
DHN001,2022,KPI_ReachM_CPD,100251
DHN001,2022,KPI_ReachRCRCEd_CPD,
DHN001,2022,KPI_ReachS_CPD,507
DHN001,2022,KPI_ReachSI_CPD,35260
DHN001,2022,KPI_ReachWASH_CPD,4620
DHN001,2022,KPI_TrainFA_Tot,3945
DHN001,2022,KPI_DonBlood_Tot,48216
DHN001,2022,KPI_PeopleVol_Tot,6005
DHN001,2022,KPI_PStaff_Tot,491
DHN001,2022,KPI_noLocalUnits,53
DHN001,2022,KPI_IncomeLC_CHF,11075063
DHN001,2022,KPI_expenditureLC_CHF,7897418
DIS001,2022,KPI_Climate_CPD,
DIS001,2022,KPI_ClimateHeat_CPD,
DIS001,2022,KPI_ReachCTP_CPD,
DIS001,2022,KPI_ReachDRER_CPD,31843
DIS001,2022,KPI_ReachDRR_CPD,800
DIS001,2022,KPI_ReachH_CPD,18500
DIS001,2022,KPI_ReachHI_CPD,
DIS001,2022,KPI_ReachHPM_CPD,1434
DIS001,2022,KPI_ReachL_CPD,15200
DIS001,2022,KPI_ReachLTSPD_CPD,176000
DIS001,2022,KPI_ReachM_CPD,6000
DIS001,2022,KPI_ReachRCRCEd_CPD,6000
DIS001,2022,KPI_ReachS_CPD,4800
DIS001,2022,KPI_ReachSI_CPD,200000
DIS001,2022,KPI_ReachWASH_CPD,1500
DIS001,2022,KPI_TrainFA_Tot,11402
DIS001,2022,KPI_DonBlood_Tot,
DIS001,2022,KPI_PeopleVol_Tot,2327
DIS001,2022,KPI_PStaff_Tot,105
DIS001,2022,KPI_noLocalUnits,31
DIS001,2022,KPI_IncomeLC_CHF,21607545
DIS001,2022,KPI_expenditureLC_CHF,20894837
DIQ001,2022,KPI_Climate_CPD,
DIQ001,2022,KPI_ClimateHeat_CPD,
DIQ001,2022,KPI_ReachCTP_CPD,44436
DIQ001,2022,KPI_ReachDRER_CPD,408674
DIQ001,2022,KPI_ReachDRR_CPD,48902
DIQ001,2022,KPI_ReachH_CPD,2870000
DIQ001,2022,KPI_ReachHI_CPD,24934
DIQ001,2022,KPI_ReachHPM_CPD,2690842
DIQ001,2022,KPI_ReachL_CPD,2060
DIQ001,2022,KPI_ReachLTSPD_CPD,6520329
DIQ001,2022,KPI_ReachM_CPD,11
DIQ001,2022,KPI_ReachRCRCEd_CPD,
DIQ001,2022,KPI_ReachS_CPD,
DIQ001,2022,KPI_ReachSI_CPD,
DIQ001,2022,KPI_ReachWASH_CPD,6530032
DIQ001,2022,KPI_TrainFA_Tot,21080
DIQ001,2022,KPI_DonBlood_Tot,64
DIQ001,2022,KPI_PeopleVol_Tot,11982
DIQ001,2022,KPI_PStaff_Tot,2195
DIQ001,2022,KPI_noLocalUnits,111
DIQ001,2022,KPI_IncomeLC_CHF,25958975
DIQ001,2022,KPI_expenditureLC_CHF,24622981
DIL001,2022,KPI_Climate_CPD,200000
DIL001,2022,KPI_ClimateHeat_CPD,200000
DIL001,2022,KPI_ReachCTP_CPD,
DIL001,2022,KPI_ReachDRER_CPD,
DIL001,2022,KPI_ReachDRR_CPD,10000
DIL001,2022,KPI_ReachH_CPD,3000000
DIL001,2022,KPI_ReachHI_CPD,
DIL001,2022,KPI_ReachHPM_CPD,
DIL001,2022,KPI_ReachL_CPD,25000
DIL001,2022,KPI_ReachLTSPD_CPD,
DIL001,2022,KPI_ReachM_CPD,108000
DIL001,2022,KPI_ReachRCRCEd_CPD,
DIL001,2022,KPI_ReachS_CPD,
DIL001,2022,KPI_ReachSI_CPD,500
DIL001,2022,KPI_ReachWASH_CPD,
DIL001,2022,KPI_TrainFA_Tot,350000
DIL001,2022,KPI_DonBlood_Tot,262149
DIL001,2022,KPI_PeopleVol_Tot,41942
DIL001,2022,KPI_PStaff_Tot,3146
DIL001,2022,KPI_noLocalUnits,192
DIL001,2022,KPI_IncomeLC_CHF,
DIL001,2022,KPI_expenditureLC_CHF,
DIT001,2022,KPI_Climate_CPD,
DIT001,2022,KPI_ClimateHeat_CPD,
DIT001,2022,KPI_ReachCTP_CPD,25552
DIT001,2022,KPI_ReachDRER_CPD,21672
DIT001,2022,KPI_ReachDRR_CPD,
DIT001,2022,KPI_ReachH_CPD,49736
DIT001,2022,KPI_ReachHI_CPD,365366
DIT001,2022,KPI_ReachHPM_CPD,4607
DIT001,2022,KPI_ReachL_CPD,1827070
DIT001,2022,KPI_ReachLTSPD_CPD,1867367
DIT001,2022,KPI_ReachM_CPD,23360
DIT001,2022,KPI_ReachRCRCEd_CPD,
DIT001,2022,KPI_ReachS_CPD,804
DIT001,2022,KPI_ReachSI_CPD,38844
DIT001,2022,KPI_ReachWASH_CPD,
DIT001,2022,KPI_TrainFA_Tot,26523
DIT001,2022,KPI_DonBlood_Tot,
DIT001,2022,KPI_PeopleVol_Tot,151722
DIT001,2022,KPI_PStaff_Tot,741
DIT001,2022,KPI_noLocalUnits,1400
DIT001,2022,KPI_IncomeLC_CHF,162778046
DIT001,2022,KPI_expenditureLC_CHF,161648980
DJM001,2022,KPI_Climate_CPD,
DJM001,2022,KPI_ClimateHeat_CPD,
DJM001,2022,KPI_ReachCTP_CPD,
DJM001,2022,KPI_ReachDRER_CPD,
DJM001,2022,KPI_ReachDRR_CPD,
DJM001,2022,KPI_ReachH_CPD,
DJM001,2022,KPI_ReachHI_CPD,
DJM001,2022,KPI_ReachHPM_CPD,
DJM001,2022,KPI_ReachL_CPD,
DJM001,2022,KPI_ReachLTSPD_CPD,
DJM001,2022,KPI_ReachM_CPD,1
DJM001,2022,KPI_ReachRCRCEd_CPD,
DJM001,2022,KPI_ReachS_CPD,
DJM001,2022,KPI_ReachSI_CPD,
DJM001,2022,KPI_ReachWASH_CPD,
DJM001,2022,KPI_TrainFA_Tot,1600
DJM001,2022,KPI_DonBlood_Tot,
DJM001,2022,KPI_PeopleVol_Tot,9500
DJM001,2022,KPI_PStaff_Tot,26
DJM001,2022,KPI_noLocalUnits,13
DJM001,2022,KPI_IncomeLC_CHF,329453
DJM001,2022,KPI_expenditureLC_CHF,253206
DKZ001,2022,KPI_Climate_CPD,
DKZ001,2022,KPI_ClimateHeat_CPD,
DKZ001,2022,KPI_ReachCTP_CPD,10358
DKZ001,2022,KPI_ReachDRER_CPD,15783
DKZ001,2022,KPI_ReachDRR_CPD,129000
DKZ001,2022,KPI_ReachH_CPD,1744444
DKZ001,2022,KPI_ReachHI_CPD,12720
DKZ001,2022,KPI_ReachHPM_CPD,2615
DKZ001,2022,KPI_ReachL_CPD,
DKZ001,2022,KPI_ReachLTSPD_CPD,1986853
DKZ001,2022,KPI_ReachM_CPD,7313
DKZ001,2022,KPI_ReachRCRCEd_CPD,
DKZ001,2022,KPI_ReachS_CPD,
DKZ001,2022,KPI_ReachSI_CPD,
DKZ001,2022,KPI_ReachWASH_CPD,
DKZ001,2022,KPI_TrainFA_Tot,18421
DKZ001,2022,KPI_DonBlood_Tot,
DKZ001,2022,KPI_PeopleVol_Tot,6071
DKZ001,2022,KPI_PStaff_Tot,86
DKZ001,2022,KPI_noLocalUnits,18
DKZ001,2022,KPI_IncomeLC_CHF,5566251
DKZ001,2022,KPI_expenditureLC_CHF,5506238
DKE001,2022,KPI_Climate_CPD,
DKE001,2022,KPI_ClimateHeat_CPD,
DKE001,2022,KPI_ReachCTP_CPD,114673
DKE001,2022,KPI_ReachDRER_CPD,3897201
DKE001,2022,KPI_ReachDRR_CPD,225575
DKE001,2022,KPI_ReachH_CPD,4388220
DKE001,2022,KPI_ReachHI_CPD,
DKE001,2022,KPI_ReachHPM_CPD,
DKE001,2022,KPI_ReachL_CPD,1331431
DKE001,2022,KPI_ReachLTSPD_CPD,2697582
DKE001,2022,KPI_ReachM_CPD,148697
DKE001,2022,KPI_ReachRCRCEd_CPD,
DKE001,2022,KPI_ReachS_CPD,1031
DKE001,2022,KPI_ReachSI_CPD,178728
DKE001,2022,KPI_ReachWASH_CPD,562064
DKE001,2022,KPI_TrainFA_Tot,13611
DKE001,2022,KPI_DonBlood_Tot,28332
DKE001,2022,KPI_PeopleVol_Tot,207242
DKE001,2022,KPI_PStaff_Tot,707
DKE001,2022,KPI_noLocalUnits,65
DKE001,2022,KPI_IncomeLC_CHF,84801604
DKE001,2022,KPI_expenditureLC_CHF,66763436
DLA001,2022,KPI_Climate_CPD,
DLA001,2022,KPI_ClimateHeat_CPD,
DLA001,2022,KPI_ReachCTP_CPD,6917
DLA001,2022,KPI_ReachDRER_CPD,65880
DLA001,2022,KPI_ReachDRR_CPD,18113
DLA001,2022,KPI_ReachH_CPD,108590
DLA001,2022,KPI_ReachHI_CPD,24396
DLA001,2022,KPI_ReachHPM_CPD,39862
DLA001,2022,KPI_ReachL_CPD,6917
DLA001,2022,KPI_ReachLTSPD_CPD,108590
DLA001,2022,KPI_ReachM_CPD,
DLA001,2022,KPI_ReachRCRCEd_CPD,
DLA001,2022,KPI_ReachS_CPD,
DLA001,2022,KPI_ReachSI_CPD,18467
DLA001,2022,KPI_ReachWASH_CPD,13326
DLA001,2022,KPI_TrainFA_Tot,1711
DLA001,2022,KPI_DonBlood_Tot,67017
DLA001,2022,KPI_PeopleVol_Tot,1055
DLA001,2022,KPI_PStaff_Tot,488
DLA001,2022,KPI_noLocalUnits,74
DLA001,2022,KPI_IncomeLC_CHF,6558730
DLA001,2022,KPI_expenditureLC_CHF,5693399
DLB001,2022,KPI_Climate_CPD,
DLB001,2022,KPI_ClimateHeat_CPD,
DLB001,2022,KPI_ReachCTP_CPD,28401
DLB001,2022,KPI_ReachDRER_CPD,141562
DLB001,2022,KPI_ReachDRR_CPD,549234
DLB001,2022,KPI_ReachH_CPD,373809
DLB001,2022,KPI_ReachHI_CPD,71700
DLB001,2022,KPI_ReachHPM_CPD,63744
DLB001,2022,KPI_ReachL_CPD,1450
DLB001,2022,KPI_ReachLTSPD_CPD,474668
DLB001,2022,KPI_ReachM_CPD,
DLB001,2022,KPI_ReachRCRCEd_CPD,
DLB001,2022,KPI_ReachS_CPD,2250
DLB001,2022,KPI_ReachSI_CPD,1401
DLB001,2022,KPI_ReachWASH_CPD,29401
DLB001,2022,KPI_TrainFA_Tot,13473
DLB001,2022,KPI_DonBlood_Tot,44561
DLB001,2022,KPI_PeopleVol_Tot,14563
DLB001,2022,KPI_PStaff_Tot,
DLB001,2022,KPI_noLocalUnits,204
DLB001,2022,KPI_IncomeLC_CHF,4252852
DLB001,2022,KPI_expenditureLC_CHF,7212022
DMG001,2022,KPI_Climate_CPD,4254
DMG001,2022,KPI_ClimateHeat_CPD,27081
DMG001,2022,KPI_ReachCTP_CPD,49474
DMG001,2022,KPI_ReachDRER_CPD,399262
DMG001,2022,KPI_ReachDRR_CPD,34069
DMG001,2022,KPI_ReachH_CPD,212597
DMG001,2022,KPI_ReachHI_CPD,23195
DMG001,2022,KPI_ReachHPM_CPD,0
DMG001,2022,KPI_ReachL_CPD,770
DMG001,2022,KPI_ReachLTSPD_CPD,16705
DMG001,2022,KPI_ReachM_CPD,13503
DMG001,2022,KPI_ReachRCRCEd_CPD,283
DMG001,2022,KPI_ReachS_CPD,22555
DMG001,2022,KPI_ReachSI_CPD,16
DMG001,2022,KPI_ReachWASH_CPD,78043
DMG001,2022,KPI_TrainFA_Tot,2162
DMG001,2022,KPI_DonBlood_Tot,0
DMG001,2022,KPI_PeopleVol_Tot,1380
DMG001,2022,KPI_PStaff_Tot,126
DMG001,2022,KPI_noLocalUnits,141
DMG001,2022,KPI_IncomeLC_CHF,2381249
DMG001,2022,KPI_expenditureLC_CHF,1920359
DMV001,2022,KPI_Climate_CPD,6791
DMV001,2022,KPI_ClimateHeat_CPD,19
DMV001,2022,KPI_ReachCTP_CPD,9
DMV001,2022,KPI_ReachDRER_CPD,27468
DMV001,2022,KPI_ReachDRR_CPD,8355
DMV001,2022,KPI_ReachH_CPD,18723
DMV001,2022,KPI_ReachHI_CPD,10027
DMV001,2022,KPI_ReachHPM_CPD,2522
DMV001,2022,KPI_ReachL_CPD,3424
DMV001,2022,KPI_ReachLTSPD_CPD,29459
DMV001,2022,KPI_ReachM_CPD,5506
DMV001,2022,KPI_ReachRCRCEd_CPD,5520
DMV001,2022,KPI_ReachS_CPD,
DMV001,2022,KPI_ReachSI_CPD,2173
DMV001,2022,KPI_ReachWASH_CPD,2741
DMV001,2022,KPI_TrainFA_Tot,909
DMV001,2022,KPI_DonBlood_Tot,
DMV001,2022,KPI_PeopleVol_Tot,1219
DMV001,2022,KPI_PStaff_Tot,19
DMV001,2022,KPI_noLocalUnits,5
DMV001,2022,KPI_IncomeLC_CHF,715946
DMV001,2022,KPI_expenditureLC_CHF,819006
DML001,2022,KPI_Climate_CPD,5197
DML001,2022,KPI_ClimateHeat_CPD,
DML001,2022,KPI_ReachCTP_CPD,23408
DML001,2022,KPI_ReachDRER_CPD,48776
DML001,2022,KPI_ReachDRR_CPD,97210
DML001,2022,KPI_ReachH_CPD,34187
DML001,2022,KPI_ReachHI_CPD,2513
DML001,2022,KPI_ReachHPM_CPD,192722
DML001,2022,KPI_ReachL_CPD,14253
DML001,2022,KPI_ReachLTSPD_CPD,
DML001,2022,KPI_ReachM_CPD,110039
DML001,2022,KPI_ReachRCRCEd_CPD,5153
DML001,2022,KPI_ReachS_CPD,10322
DML001,2022,KPI_ReachSI_CPD,80372
DML001,2022,KPI_ReachWASH_CPD,101557
DML001,2022,KPI_TrainFA_Tot,218
DML001,2022,KPI_DonBlood_Tot,47
DML001,2022,KPI_PeopleVol_Tot,8998
DML001,2022,KPI_PStaff_Tot,272
DML001,2022,KPI_noLocalUnits,154
DML001,2022,KPI_IncomeLC_CHF,9127053
DML001,2022,KPI_expenditureLC_CHF,6413313
DMU001,2022,KPI_Climate_CPD,
DMU001,2022,KPI_ClimateHeat_CPD,
DMU001,2022,KPI_ReachCTP_CPD,
DMU001,2022,KPI_ReachDRER_CPD,
DMU001,2022,KPI_ReachDRR_CPD,547
DMU001,2022,KPI_ReachH_CPD,
DMU001,2022,KPI_ReachHI_CPD,
DMU001,2022,KPI_ReachHPM_CPD,
DMU001,2022,KPI_ReachL_CPD,
DMU001,2022,KPI_ReachLTSPD_CPD,
DMU001,2022,KPI_ReachM_CPD,
DMU001,2022,KPI_ReachRCRCEd_CPD,
DMU001,2022,KPI_ReachS_CPD,
DMU001,2022,KPI_ReachSI_CPD,
DMU001,2022,KPI_ReachWASH_CPD,
DMU001,2022,KPI_TrainFA_Tot,408
DMU001,2022,KPI_DonBlood_Tot,
DMU001,2022,KPI_PeopleVol_Tot,126
DMU001,2022,KPI_PStaff_Tot,9
DMU001,2022,KPI_noLocalUnits,3
DMU001,2022,KPI_IncomeLC_CHF,158047
DMU001,2022,KPI_expenditureLC_CHF,144384
DMX001,2022,KPI_Climate_CPD,
DMX001,2022,KPI_ClimateHeat_CPD,
DMX001,2022,KPI_ReachCTP_CPD,
DMX001,2022,KPI_ReachDRER_CPD,73065
DMX001,2022,KPI_ReachDRR_CPD,124419
DMX001,2022,KPI_ReachH_CPD,6475827
DMX001,2022,KPI_ReachHI_CPD,
DMX001,2022,KPI_ReachHPM_CPD,12205
DMX001,2022,KPI_ReachL_CPD,
DMX001,2022,KPI_ReachLTSPD_CPD,22919
DMX001,2022,KPI_ReachM_CPD,24281
DMX001,2022,KPI_ReachRCRCEd_CPD,25540
DMX001,2022,KPI_ReachS_CPD,4448
DMX001,2022,KPI_ReachSI_CPD,185564
DMX001,2022,KPI_ReachWASH_CPD,11791
DMX001,2022,KPI_TrainFA_Tot,66180
DMX001,2022,KPI_DonBlood_Tot,7207
DMX001,2022,KPI_PeopleVol_Tot,39904
DMX001,2022,KPI_PStaff_Tot,8124
DMX001,2022,KPI_noLocalUnits,554
DMX001,2022,KPI_IncomeLC_CHF,12564323
DMX001,2022,KPI_expenditureLC_CHF,14056096
DMA001,2022,KPI_Climate_CPD,20000
DMA001,2022,KPI_ClimateHeat_CPD,
DMA001,2022,KPI_ReachCTP_CPD,
DMA001,2022,KPI_ReachDRER_CPD,20000
DMA001,2022,KPI_ReachDRR_CPD,10000
DMA001,2022,KPI_ReachH_CPD,12000
DMA001,2022,KPI_ReachHI_CPD,
DMA001,2022,KPI_ReachHPM_CPD,
DMA001,2022,KPI_ReachL_CPD,
DMA001,2022,KPI_ReachLTSPD_CPD,2000
DMA001,2022,KPI_ReachM_CPD,
DMA001,2022,KPI_ReachRCRCEd_CPD,
DMA001,2022,KPI_ReachS_CPD,
DMA001,2022,KPI_ReachSI_CPD,
DMA001,2022,KPI_ReachWASH_CPD,14100
DMA001,2022,KPI_TrainFA_Tot,10000
DMA001,2022,KPI_DonBlood_Tot,
DMA001,2022,KPI_PeopleVol_Tot,14100
DMA001,2022,KPI_PStaff_Tot,58
DMA001,2022,KPI_noLocalUnits,89
DMA001,2022,KPI_IncomeLC_CHF,1156820
DMA001,2022,KPI_expenditureLC_CHF,4935598
DMZ001,2022,KPI_Climate_CPD,98654
DMZ001,2022,KPI_ClimateHeat_CPD,
DMZ001,2022,KPI_ReachCTP_CPD,
DMZ001,2022,KPI_ReachDRER_CPD,8095
DMZ001,2022,KPI_ReachDRR_CPD,98654
DMZ001,2022,KPI_ReachH_CPD,1069931
DMZ001,2022,KPI_ReachHI_CPD,364437
DMZ001,2022,KPI_ReachHPM_CPD,22730
DMZ001,2022,KPI_ReachL_CPD,14079
DMZ001,2022,KPI_ReachLTSPD_CPD,98654
DMZ001,2022,KPI_ReachM_CPD,18279
DMZ001,2022,KPI_ReachRCRCEd_CPD,
DMZ001,2022,KPI_ReachS_CPD,13079
DMZ001,2022,KPI_ReachSI_CPD,2704
DMZ001,2022,KPI_ReachWASH_CPD,7592
DMZ001,2022,KPI_TrainFA_Tot,1535
DMZ001,2022,KPI_DonBlood_Tot,
DMZ001,2022,KPI_PeopleVol_Tot,6862
DMZ001,2022,KPI_PStaff_Tot,165
DMZ001,2022,KPI_noLocalUnits,111
DMZ001,2022,KPI_IncomeLC_CHF,2077488
DMZ001,2022,KPI_expenditureLC_CHF,2166013
DNP001,2022,KPI_Climate_CPD,4703
DNP001,2022,KPI_ClimateHeat_CPD,119
DNP001,2022,KPI_ReachCTP_CPD,12603
DNP001,2022,KPI_ReachDRER_CPD,2000404
DNP001,2022,KPI_ReachDRR_CPD,20600
DNP001,2022,KPI_ReachH_CPD,2401612
DNP001,2022,KPI_ReachHI_CPD,
DNP001,2022,KPI_ReachHPM_CPD,3850
DNP001,2022,KPI_ReachL_CPD,2174
DNP001,2022,KPI_ReachLTSPD_CPD,1151860
DNP001,2022,KPI_ReachM_CPD,20
DNP001,2022,KPI_ReachRCRCEd_CPD,734850
DNP001,2022,KPI_ReachS_CPD,44326
DNP001,2022,KPI_ReachSI_CPD,22188
DNP001,2022,KPI_ReachWASH_CPD,168000
DNP001,2022,KPI_TrainFA_Tot,1404
DNP001,2022,KPI_DonBlood_Tot,331456
DNP001,2022,KPI_PeopleVol_Tot,146524
DNP001,2022,KPI_PStaff_Tot,321
DNP001,2022,KPI_noLocalUnits,8244
DNP001,2022,KPI_IncomeLC_CHF,9650586
DNP001,2022,KPI_expenditureLC_CHF,8282088
DNI001,2022,KPI_Climate_CPD,
DNI001,2022,KPI_ClimateHeat_CPD,
DNI001,2022,KPI_ReachCTP_CPD,1000
DNI001,2022,KPI_ReachDRER_CPD,780
DNI001,2022,KPI_ReachDRR_CPD,3639
DNI001,2022,KPI_ReachH_CPD,5129
DNI001,2022,KPI_ReachHI_CPD,
DNI001,2022,KPI_ReachHPM_CPD,3031
DNI001,2022,KPI_ReachL_CPD,
DNI001,2022,KPI_ReachLTSPD_CPD,284299
DNI001,2022,KPI_ReachM_CPD,
DNI001,2022,KPI_ReachRCRCEd_CPD,
DNI001,2022,KPI_ReachS_CPD,122
DNI001,2022,KPI_ReachSI_CPD,
DNI001,2022,KPI_ReachWASH_CPD,421
DNI001,2022,KPI_TrainFA_Tot,319
DNI001,2022,KPI_DonBlood_Tot,0
DNI001,2022,KPI_PeopleVol_Tot,2000
DNI001,2022,KPI_PStaff_Tot,294
DNI001,2022,KPI_noLocalUnits,28
DNI001,2022,KPI_IncomeLC_CHF,142186
DNI001,2022,KPI_expenditureLC_CHF,133854
DNG001,2022,KPI_Climate_CPD,
DNG001,2022,KPI_ClimateHeat_CPD,
DNG001,2022,KPI_ReachCTP_CPD,21074
DNG001,2022,KPI_ReachDRER_CPD,2261601
DNG001,2022,KPI_ReachDRR_CPD,26231
DNG001,2022,KPI_ReachH_CPD,12591632
DNG001,2022,KPI_ReachHI_CPD,6021630
DNG001,2022,KPI_ReachHPM_CPD,
DNG001,2022,KPI_ReachL_CPD,75030
DNG001,2022,KPI_ReachLTSPD_CPD,2838
DNG001,2022,KPI_ReachM_CPD,601
DNG001,2022,KPI_ReachRCRCEd_CPD,
DNG001,2022,KPI_ReachS_CPD,0
DNG001,2022,KPI_ReachSI_CPD,191431
DNG001,2022,KPI_ReachWASH_CPD,1669190
DNG001,2022,KPI_TrainFA_Tot,6332
DNG001,2022,KPI_DonBlood_Tot,693
DNG001,2022,KPI_PeopleVol_Tot,18665
DNG001,2022,KPI_PStaff_Tot,146
DNG001,2022,KPI_noLocalUnits,37
DNG001,2022,KPI_IncomeLC_CHF,4372936
DNG001,2022,KPI_expenditureLC_CHF,3265319
DNO001,2022,KPI_Climate_CPD,
DNO001,2022,KPI_ClimateHeat_CPD,
DNO001,2022,KPI_ReachCTP_CPD,
DNO001,2022,KPI_ReachDRER_CPD,
DNO001,2022,KPI_ReachDRR_CPD,
DNO001,2022,KPI_ReachH_CPD,
DNO001,2022,KPI_ReachHI_CPD,
DNO001,2022,KPI_ReachHPM_CPD,
DNO001,2022,KPI_ReachL_CPD,
DNO001,2022,KPI_ReachLTSPD_CPD,
DNO001,2022,KPI_ReachM_CPD,
DNO001,2022,KPI_ReachRCRCEd_CPD,
DNO001,2022,KPI_ReachS_CPD,
DNO001,2022,KPI_ReachSI_CPD,18577
DNO001,2022,KPI_ReachWASH_CPD,
DNO001,2022,KPI_TrainFA_Tot,9090
DNO001,2022,KPI_DonBlood_Tot,32853
DNO001,2022,KPI_PeopleVol_Tot,41373
DNO001,2022,KPI_PStaff_Tot,703
DNO001,2022,KPI_noLocalUnits,367
DNO001,2022,KPI_IncomeLC_CHF,269962305
DNO001,2022,KPI_expenditureLC_CHF,284701211
DPK001,2022,KPI_Climate_CPD,1882496
DPK001,2022,KPI_ClimateHeat_CPD,1200
DPK001,2022,KPI_ReachCTP_CPD,20150
DPK001,2022,KPI_ReachDRER_CPD,3976868
DPK001,2022,KPI_ReachDRR_CPD,49704
DPK001,2022,KPI_ReachH_CPD,344226
DPK001,2022,KPI_ReachHI_CPD,493920
DPK001,2022,KPI_ReachHPM_CPD,
DPK001,2022,KPI_ReachL_CPD,200
DPK001,2022,KPI_ReachLTSPD_CPD,19770
DPK001,2022,KPI_ReachM_CPD,78243
DPK001,2022,KPI_ReachRCRCEd_CPD,803
DPK001,2022,KPI_ReachS_CPD,210378
DPK001,2022,KPI_ReachSI_CPD,73
DPK001,2022,KPI_ReachWASH_CPD,103326
DPK001,2022,KPI_TrainFA_Tot,32006
DPK001,2022,KPI_DonBlood_Tot,5637
DPK001,2022,KPI_PeopleVol_Tot,5000
DPK001,2022,KPI_PStaff_Tot,692
DPK001,2022,KPI_noLocalUnits,60
DPK001,2022,KPI_IncomeLC_CHF,4481743
DPK001,2022,KPI_expenditureLC_CHF,2500409
DPW001,2022,KPI_Climate_CPD,89
DPW001,2022,KPI_ClimateHeat_CPD,
DPW001,2022,KPI_ReachCTP_CPD,336
DPW001,2022,KPI_ReachDRER_CPD,1069
DPW001,2022,KPI_ReachDRR_CPD,89
DPW001,2022,KPI_ReachH_CPD,5524
DPW001,2022,KPI_ReachHI_CPD,
DPW001,2022,KPI_ReachHPM_CPD,
DPW001,2022,KPI_ReachL_CPD,
DPW001,2022,KPI_ReachLTSPD_CPD,5613
DPW001,2022,KPI_ReachM_CPD,
DPW001,2022,KPI_ReachRCRCEd_CPD,
DPW001,2022,KPI_ReachS_CPD,147
DPW001,2022,KPI_ReachSI_CPD,38
DPW001,2022,KPI_ReachWASH_CPD,3238
DPW001,2022,KPI_TrainFA_Tot,250
DPW001,2022,KPI_DonBlood_Tot,
DPW001,2022,KPI_PeopleVol_Tot,97
DPW001,2022,KPI_PStaff_Tot,8
DPW001,2022,KPI_noLocalUnits,1
DPW001,2022,KPI_IncomeLC_CHF,1122096
DPW001,2022,KPI_expenditureLC_CHF,729893
DPG001,2022,KPI_Climate_CPD,
DPG001,2022,KPI_ClimateHeat_CPD,
DPG001,2022,KPI_ReachCTP_CPD,
DPG001,2022,KPI_ReachDRER_CPD,4808
DPG001,2022,KPI_ReachDRR_CPD,992
DPG001,2022,KPI_ReachH_CPD,600296
DPG001,2022,KPI_ReachHI_CPD,530
DPG001,2022,KPI_ReachHPM_CPD,
DPG001,2022,KPI_ReachL_CPD,
DPG001,2022,KPI_ReachLTSPD_CPD,600296
DPG001,2022,KPI_ReachM_CPD,
DPG001,2022,KPI_ReachRCRCEd_CPD,60
DPG001,2022,KPI_ReachS_CPD,
DPG001,2022,KPI_ReachSI_CPD,
DPG001,2022,KPI_ReachWASH_CPD,
DPG001,2022,KPI_TrainFA_Tot,1435
DPG001,2022,KPI_DonBlood_Tot,
DPG001,2022,KPI_PeopleVol_Tot,750
DPG001,2022,KPI_PStaff_Tot,32
DPG001,2022,KPI_noLocalUnits,12
DPG001,2022,KPI_IncomeLC_CHF,608217
DPG001,2022,KPI_expenditureLC_CHF,547941
DPY001,2022,KPI_Climate_CPD,
DPY001,2022,KPI_ClimateHeat_CPD,
DPY001,2022,KPI_ReachCTP_CPD,
DPY001,2022,KPI_ReachDRER_CPD,6275
DPY001,2022,KPI_ReachDRR_CPD,30
DPY001,2022,KPI_ReachH_CPD,88163
DPY001,2022,KPI_ReachHI_CPD,5488
DPY001,2022,KPI_ReachHPM_CPD,1875
DPY001,2022,KPI_ReachL_CPD,
DPY001,2022,KPI_ReachLTSPD_CPD,60167
DPY001,2022,KPI_ReachM_CPD,
DPY001,2022,KPI_ReachRCRCEd_CPD,30512
DPY001,2022,KPI_ReachS_CPD,
DPY001,2022,KPI_ReachSI_CPD,3
DPY001,2022,KPI_ReachWASH_CPD,39400
DPY001,2022,KPI_TrainFA_Tot,1701
DPY001,2022,KPI_DonBlood_Tot,2870
DPY001,2022,KPI_PeopleVol_Tot,1438
DPY001,2022,KPI_PStaff_Tot,35
DPY001,2022,KPI_noLocalUnits,21
DPY001,2022,KPI_IncomeLC_CHF,3641420
DPY001,2022,KPI_expenditureLC_CHF,2319224
DPH001,2022,KPI_Climate_CPD,
DPH001,2022,KPI_ClimateHeat_CPD,
DPH001,2022,KPI_ReachCTP_CPD,17505
DPH001,2022,KPI_ReachDRER_CPD,2972842
DPH001,2022,KPI_ReachDRR_CPD,276498
DPH001,2022,KPI_ReachH_CPD,7171563
DPH001,2022,KPI_ReachHI_CPD,483678
DPH001,2022,KPI_ReachHPM_CPD,98409
DPH001,2022,KPI_ReachL_CPD,
DPH001,2022,KPI_ReachLTSPD_CPD,754971
DPH001,2022,KPI_ReachM_CPD,
DPH001,2022,KPI_ReachRCRCEd_CPD,1017
DPH001,2022,KPI_ReachS_CPD,4150
DPH001,2022,KPI_ReachSI_CPD,68088
DPH001,2022,KPI_ReachWASH_CPD,4573804
DPH001,2022,KPI_TrainFA_Tot,148279
DPH001,2022,KPI_DonBlood_Tot,393693
DPH001,2022,KPI_PeopleVol_Tot,124556
DPH001,2022,KPI_PStaff_Tot,1923
DPH001,2022,KPI_noLocalUnits,102
DPH001,2022,KPI_IncomeLC_CHF,27407744
DPH001,2022,KPI_expenditureLC_CHF,27147158
DQA001,2022,KPI_Climate_CPD,
DQA001,2022,KPI_ClimateHeat_CPD,
DQA001,2022,KPI_ReachCTP_CPD,2585
DQA001,2022,KPI_ReachDRER_CPD,
DQA001,2022,KPI_ReachDRR_CPD,3500
DQA001,2022,KPI_ReachH_CPD,1385627
DQA001,2022,KPI_ReachHI_CPD,
DQA001,2022,KPI_ReachHPM_CPD,
DQA001,2022,KPI_ReachL_CPD,34746
DQA001,2022,KPI_ReachLTSPD_CPD,
DQA001,2022,KPI_ReachM_CPD,
DQA001,2022,KPI_ReachRCRCEd_CPD,
DQA001,2022,KPI_ReachS_CPD,
DQA001,2022,KPI_ReachSI_CPD,2427
DQA001,2022,KPI_ReachWASH_CPD,
DQA001,2022,KPI_TrainFA_Tot,2012
DQA001,2022,KPI_DonBlood_Tot,
DQA001,2022,KPI_PeopleVol_Tot,27167
DQA001,2022,KPI_PStaff_Tot,1369
DQA001,2022,KPI_noLocalUnits,7
DQA001,2022,KPI_IncomeLC_CHF,49166400
DQA001,2022,KPI_expenditureLC_CHF,40659065
DTJ001,2022,KPI_Climate_CPD,420
DTJ001,2022,KPI_ClimateHeat_CPD,
DTJ001,2022,KPI_ReachCTP_CPD,6807
DTJ001,2022,KPI_ReachDRER_CPD,2070
DTJ001,2022,KPI_ReachDRR_CPD,96075
DTJ001,2022,KPI_ReachH_CPD,177942
DTJ001,2022,KPI_ReachHI_CPD,412054
DTJ001,2022,KPI_ReachHPM_CPD,88
DTJ001,2022,KPI_ReachL_CPD,2445
DTJ001,2022,KPI_ReachLTSPD_CPD,
DTJ001,2022,KPI_ReachM_CPD,1277
DTJ001,2022,KPI_ReachRCRCEd_CPD,420
DTJ001,2022,KPI_ReachS_CPD,3504
DTJ001,2022,KPI_ReachSI_CPD,
DTJ001,2022,KPI_ReachWASH_CPD,2454
DTJ001,2022,KPI_TrainFA_Tot,354
DTJ001,2022,KPI_DonBlood_Tot,70
DTJ001,2022,KPI_PeopleVol_Tot,12000
DTJ001,2022,KPI_PStaff_Tot,151
DTJ001,2022,KPI_noLocalUnits,69
DTJ001,2022,KPI_IncomeLC_CHF,3566876
DTJ001,2022,KPI_expenditureLC_CHF,2988854
DBJ001,2022,KPI_Climate_CPD,7200
DBJ001,2022,KPI_ClimateHeat_CPD,
DBJ001,2022,KPI_ReachCTP_CPD,
DBJ001,2022,KPI_ReachDRER_CPD,63000
DBJ001,2022,KPI_ReachDRR_CPD,63000
DBJ001,2022,KPI_ReachH_CPD,3901436
DBJ001,2022,KPI_ReachHI_CPD,63911
DBJ001,2022,KPI_ReachHPM_CPD,167
DBJ001,2022,KPI_ReachL_CPD,4935
DBJ001,2022,KPI_ReachLTSPD_CPD,582220
DBJ001,2022,KPI_ReachM_CPD,36618
DBJ001,2022,KPI_ReachRCRCEd_CPD,
DBJ001,2022,KPI_ReachS_CPD,16800
DBJ001,2022,KPI_ReachSI_CPD,232775
DBJ001,2022,KPI_ReachWASH_CPD,51640
DBJ001,2022,KPI_TrainFA_Tot,1848
DBJ001,2022,KPI_DonBlood_Tot,3244
DBJ001,2022,KPI_PeopleVol_Tot,12600
DBJ001,2022,KPI_PStaff_Tot,42
DBJ001,2022,KPI_noLocalUnits,79
DBJ001,2022,KPI_IncomeLC_CHF,1409629
DBJ001,2022,KPI_expenditureLC_CHF,12911742
DTD001,2022,KPI_Climate_CPD,
DTD001,2022,KPI_ClimateHeat_CPD,
DTD001,2022,KPI_ReachCTP_CPD,355262
DTD001,2022,KPI_ReachDRER_CPD,221586
DTD001,2022,KPI_ReachDRR_CPD,16945
DTD001,2022,KPI_ReachH_CPD,1245
DTD001,2022,KPI_ReachHI_CPD,27156
DTD001,2022,KPI_ReachHPM_CPD,25712
DTD001,2022,KPI_ReachL_CPD,425
DTD001,2022,KPI_ReachLTSPD_CPD,654
DTD001,2022,KPI_ReachM_CPD,11490
DTD001,2022,KPI_ReachRCRCEd_CPD,4526
DTD001,2022,KPI_ReachS_CPD,3452
DTD001,2022,KPI_ReachSI_CPD,67
DTD001,2022,KPI_ReachWASH_CPD,2214
DTD001,2022,KPI_TrainFA_Tot,834
DTD001,2022,KPI_DonBlood_Tot,135
DTD001,2022,KPI_PeopleVol_Tot,57923
DTD001,2022,KPI_PStaff_Tot,195
DTD001,2022,KPI_noLocalUnits,23
DTD001,2022,KPI_IncomeLC_CHF,3312643
DTD001,2022,KPI_expenditureLC_CHF,3312643
DME001,2022,KPI_Climate_CPD,1252
DME001,2022,KPI_ClimateHeat_CPD,37604
DME001,2022,KPI_ReachCTP_CPD,1000
DME001,2022,KPI_ReachDRER_CPD,63868
DME001,2022,KPI_ReachDRR_CPD,647
DME001,2022,KPI_ReachH_CPD,17798
DME001,2022,KPI_ReachHI_CPD,223042
DME001,2022,KPI_ReachHPM_CPD,10210
DME001,2022,KPI_ReachL_CPD,53658
DME001,2022,KPI_ReachLTSPD_CPD,310193
DME001,2022,KPI_ReachM_CPD,4173
DME001,2022,KPI_ReachRCRCEd_CPD,6398
DME001,2022,KPI_ReachS_CPD,0
DME001,2022,KPI_ReachSI_CPD,6933
DME001,2022,KPI_ReachWASH_CPD,53658
DME001,2022,KPI_TrainFA_Tot,6916
DME001,2022,KPI_DonBlood_Tot,
DME001,2022,KPI_PeopleVol_Tot,910
DME001,2022,KPI_PStaff_Tot,189
DME001,2022,KPI_noLocalUnits,23
DME001,2022,KPI_IncomeLC_CHF,3380849
DME001,2022,KPI_expenditureLC_CHF,3042550
DSM001,2022,KPI_Climate_CPD,
DSM001,2022,KPI_ClimateHeat_CPD,
DSM001,2022,KPI_ReachCTP_CPD,
DSM001,2022,KPI_ReachDRER_CPD,
DSM001,2022,KPI_ReachDRR_CPD,
DSM001,2022,KPI_ReachH_CPD,
DSM001,2022,KPI_ReachHI_CPD,
DSM001,2022,KPI_ReachHPM_CPD,
DSM001,2022,KPI_ReachL_CPD,
DSM001,2022,KPI_ReachLTSPD_CPD,
DSM001,2022,KPI_ReachM_CPD,
DSM001,2022,KPI_ReachRCRCEd_CPD,
DSM001,2022,KPI_ReachS_CPD,
DSM001,2022,KPI_ReachSI_CPD,
DSM001,2022,KPI_ReachWASH_CPD,
DSM001,2022,KPI_TrainFA_Tot,30
DSM001,2022,KPI_DonBlood_Tot,
DSM001,2022,KPI_PeopleVol_Tot,45
DSM001,2022,KPI_PStaff_Tot,
DSM001,2022,KPI_noLocalUnits,1
DSM001,2022,KPI_IncomeLC_CHF,246233
DSM001,2022,KPI_expenditureLC_CHF,285377
DCN001,2022,KPI_Climate_CPD,
DCN001,2022,KPI_ClimateHeat_CPD,
DCN001,2022,KPI_ReachCTP_CPD,1506
DCN001,2022,KPI_ReachDRER_CPD,198836375
DCN001,2022,KPI_ReachDRR_CPD,
DCN001,2022,KPI_ReachH_CPD,
DCN001,2022,KPI_ReachHI_CPD,
DCN001,2022,KPI_ReachHPM_CPD,
DCN001,2022,KPI_ReachL_CPD,
DCN001,2022,KPI_ReachLTSPD_CPD,60177276
DCN001,2022,KPI_ReachM_CPD,
DCN001,2022,KPI_ReachRCRCEd_CPD,4305
DCN001,2022,KPI_ReachS_CPD,45808
DCN001,2022,KPI_ReachSI_CPD,
DCN001,2022,KPI_ReachWASH_CPD,
DCN001,2022,KPI_TrainFA_Tot,3164110
DCN001,2022,KPI_DonBlood_Tot,
DCN001,2022,KPI_PeopleVol_Tot,2345438
DCN001,2022,KPI_PStaff_Tot,20626
DCN001,2022,KPI_noLocalUnits,150035
DCN001,2022,KPI_IncomeLC_CHF,3289466155
DCN001,2022,KPI_expenditureLC_CHF,3169097839
DCI001,2022,KPI_Climate_CPD,2737
DCI001,2022,KPI_ClimateHeat_CPD,
DCI001,2022,KPI_ReachCTP_CPD,134
DCI001,2022,KPI_ReachDRER_CPD,781
DCI001,2022,KPI_ReachDRR_CPD,22877
DCI001,2022,KPI_ReachH_CPD,5407
DCI001,2022,KPI_ReachHI_CPD,3598
DCI001,2022,KPI_ReachHPM_CPD,537
DCI001,2022,KPI_ReachL_CPD,4448
DCI001,2022,KPI_ReachLTSPD_CPD,4254
DCI001,2022,KPI_ReachM_CPD,267
DCI001,2022,KPI_ReachRCRCEd_CPD,491
DCI001,2022,KPI_ReachS_CPD,
DCI001,2022,KPI_ReachSI_CPD,520
DCI001,2022,KPI_ReachWASH_CPD,5092
DCI001,2022,KPI_TrainFA_Tot,2305
DCI001,2022,KPI_DonBlood_Tot,2643
DCI001,2022,KPI_PeopleVol_Tot,3677
DCI001,2022,KPI_PStaff_Tot,163
DCI001,2022,KPI_noLocalUnits,103
DCI001,2022,KPI_IncomeLC_CHF,3245638
DCI001,2022,KPI_expenditureLC_CHF,2100488
DGN001,2022,KPI_Climate_CPD,
DGN001,2022,KPI_ClimateHeat_CPD,
DGN001,2022,KPI_ReachCTP_CPD,22280
DGN001,2022,KPI_ReachDRER_CPD,100623
DGN001,2022,KPI_ReachDRR_CPD,8320
DGN001,2022,KPI_ReachH_CPD,659287
DGN001,2022,KPI_ReachHI_CPD,59354
DGN001,2022,KPI_ReachHPM_CPD,34719
DGN001,2022,KPI_ReachL_CPD,18961
DGN001,2022,KPI_ReachLTSPD_CPD,23843
DGN001,2022,KPI_ReachM_CPD,
DGN001,2022,KPI_ReachRCRCEd_CPD,
DGN001,2022,KPI_ReachS_CPD,3275
DGN001,2022,KPI_ReachSI_CPD,
DGN001,2022,KPI_ReachWASH_CPD,24615
DGN001,2022,KPI_TrainFA_Tot,5256
DGN001,2022,KPI_DonBlood_Tot,2065
DGN001,2022,KPI_PeopleVol_Tot,21210
DGN001,2022,KPI_PStaff_Tot,135
DGN001,2022,KPI_noLocalUnits,341
DGN001,2022,KPI_IncomeLC_CHF,1687450
DGN001,2022,KPI_expenditureLC_CHF,1449796
DPA001,2022,KPI_Climate_CPD,
DPA001,2022,KPI_ClimateHeat_CPD,
DPA001,2022,KPI_ReachCTP_CPD,
DPA001,2022,KPI_ReachDRER_CPD,623
DPA001,2022,KPI_ReachDRR_CPD,2800
DPA001,2022,KPI_ReachH_CPD,
DPA001,2022,KPI_ReachHI_CPD,
DPA001,2022,KPI_ReachHPM_CPD,1323
DPA001,2022,KPI_ReachL_CPD,1829
DPA001,2022,KPI_ReachLTSPD_CPD,
DPA001,2022,KPI_ReachM_CPD,48728
DPA001,2022,KPI_ReachRCRCEd_CPD,
DPA001,2022,KPI_ReachS_CPD,
DPA001,2022,KPI_ReachSI_CPD,
DPA001,2022,KPI_ReachWASH_CPD,46490
DPA001,2022,KPI_TrainFA_Tot,2157
DPA001,2022,KPI_DonBlood_Tot,
DPA001,2022,KPI_PeopleVol_Tot,1716
DPA001,2022,KPI_PStaff_Tot,89
DPA001,2022,KPI_noLocalUnits,23
DPA001,2022,KPI_IncomeLC_CHF,3725776
DPA001,2022,KPI_expenditureLC_CHF,3869368
DKP001,2022,KPI_Climate_CPD,
DKP001,2022,KPI_ClimateHeat_CPD,
DKP001,2022,KPI_ReachCTP_CPD,
DKP001,2022,KPI_ReachDRER_CPD,3927012
DKP001,2022,KPI_ReachDRR_CPD,28279
DKP001,2022,KPI_ReachH_CPD,70699
DKP001,2022,KPI_ReachHI_CPD,
DKP001,2022,KPI_ReachHPM_CPD,
DKP001,2022,KPI_ReachL_CPD,21207
DKP001,2022,KPI_ReachLTSPD_CPD,70699
DKP001,2022,KPI_ReachM_CPD,
DKP001,2022,KPI_ReachRCRCEd_CPD,
DKP001,2022,KPI_ReachS_CPD,
DKP001,2022,KPI_ReachSI_CPD,
DKP001,2022,KPI_ReachWASH_CPD,70699
DKP001,2022,KPI_TrainFA_Tot,18063
DKP001,2022,KPI_DonBlood_Tot,
DKP001,2022,KPI_PeopleVol_Tot,359607
DKP001,2022,KPI_PStaff_Tot,220
DKP001,2022,KPI_noLocalUnits,209
DKP001,2022,KPI_IncomeLC_CHF,1221789
DKP001,2022,KPI_expenditureLC_CHF,1214307
DLC001,2022,KPI_Climate_CPD,
DLC001,2022,KPI_ClimateHeat_CPD,
DLC001,2022,KPI_ReachCTP_CPD,750
DLC001,2022,KPI_ReachDRER_CPD,1200
DLC001,2022,KPI_ReachDRR_CPD,1200
DLC001,2022,KPI_ReachH_CPD,3000
DLC001,2022,KPI_ReachHI_CPD,
DLC001,2022,KPI_ReachHPM_CPD,
DLC001,2022,KPI_ReachL_CPD,
DLC001,2022,KPI_ReachLTSPD_CPD,3000
DLC001,2022,KPI_ReachM_CPD,
DLC001,2022,KPI_ReachRCRCEd_CPD,
DLC001,2022,KPI_ReachS_CPD,
DLC001,2022,KPI_ReachSI_CPD,
DLC001,2022,KPI_ReachWASH_CPD,
DLC001,2022,KPI_TrainFA_Tot,564
DLC001,2022,KPI_DonBlood_Tot,
DLC001,2022,KPI_PeopleVol_Tot,280
DLC001,2022,KPI_PStaff_Tot,6
DLC001,2022,KPI_noLocalUnits,1
DLC001,2022,KPI_IncomeLC_CHF,
DLC001,2022,KPI_expenditureLC_CHF,
DVC001,2022,KPI_Climate_CPD,
DVC001,2022,KPI_ClimateHeat_CPD,
DVC001,2022,KPI_ReachCTP_CPD,
DVC001,2022,KPI_ReachDRER_CPD,1089
DVC001,2022,KPI_ReachDRR_CPD,
DVC001,2022,KPI_ReachH_CPD,1167
DVC001,2022,KPI_ReachHI_CPD,
DVC001,2022,KPI_ReachHPM_CPD,67
DVC001,2022,KPI_ReachL_CPD,
DVC001,2022,KPI_ReachLTSPD_CPD,560
DVC001,2022,KPI_ReachM_CPD,
DVC001,2022,KPI_ReachRCRCEd_CPD,
DVC001,2022,KPI_ReachS_CPD,
DVC001,2022,KPI_ReachSI_CPD,67
DVC001,2022,KPI_ReachWASH_CPD,20
DVC001,2022,KPI_TrainFA_Tot,
DVC001,2022,KPI_DonBlood_Tot,12
DVC001,2022,KPI_PeopleVol_Tot,94
DVC001,2022,KPI_PStaff_Tot,13
DVC001,2022,KPI_noLocalUnits,1
DVC001,2022,KPI_IncomeLC_CHF,29611
DVC001,2022,KPI_expenditureLC_CHF,30703
DSV001,2022,KPI_Climate_CPD,6094
DSV001,2022,KPI_ClimateHeat_CPD,
DSV001,2022,KPI_ReachCTP_CPD,3150
DSV001,2022,KPI_ReachDRER_CPD,32036
DSV001,2022,KPI_ReachDRR_CPD,32883
DSV001,2022,KPI_ReachH_CPD,32297
DSV001,2022,KPI_ReachHI_CPD,
DSV001,2022,KPI_ReachHPM_CPD,547
DSV001,2022,KPI_ReachL_CPD,735
DSV001,2022,KPI_ReachLTSPD_CPD,
DSV001,2022,KPI_ReachM_CPD,2037
DSV001,2022,KPI_ReachRCRCEd_CPD,
DSV001,2022,KPI_ReachS_CPD,
DSV001,2022,KPI_ReachSI_CPD,2947
DSV001,2022,KPI_ReachWASH_CPD,7540
DSV001,2022,KPI_TrainFA_Tot,2120
DSV001,2022,KPI_DonBlood_Tot,16294
DSV001,2022,KPI_PeopleVol_Tot,1840
DSV001,2022,KPI_PStaff_Tot,280
DSV001,2022,KPI_noLocalUnits,59
DSV001,2022,KPI_IncomeLC_CHF,9207376
DSV001,2022,KPI_expenditureLC_CHF,8658021
DWS001,2022,KPI_Climate_CPD,131811
DWS001,2022,KPI_ClimateHeat_CPD,
DWS001,2022,KPI_ReachCTP_CPD,
DWS001,2022,KPI_ReachDRER_CPD,131811
DWS001,2022,KPI_ReachDRR_CPD,165870
DWS001,2022,KPI_ReachH_CPD,165870
DWS001,2022,KPI_ReachHI_CPD,
DWS001,2022,KPI_ReachHPM_CPD,
DWS001,2022,KPI_ReachL_CPD,16748
DWS001,2022,KPI_ReachLTSPD_CPD,165868
DWS001,2022,KPI_ReachM_CPD,1357
DWS001,2022,KPI_ReachRCRCEd_CPD,40972
DWS001,2022,KPI_ReachS_CPD,16748
DWS001,2022,KPI_ReachSI_CPD,131811
DWS001,2022,KPI_ReachWASH_CPD,61015
DWS001,2022,KPI_TrainFA_Tot,18672
DWS001,2022,KPI_DonBlood_Tot,15399
DWS001,2022,KPI_PeopleVol_Tot,5698
DWS001,2022,KPI_PStaff_Tot,8
DWS001,2022,KPI_noLocalUnits,7
DWS001,2022,KPI_IncomeLC_CHF,394745
DWS001,2022,KPI_expenditureLC_CHF,404111
DSC001,2022,KPI_Climate_CPD,
DSC001,2022,KPI_ClimateHeat_CPD,
DSC001,2022,KPI_ReachCTP_CPD,186
DSC001,2022,KPI_ReachDRER_CPD,79
DSC001,2022,KPI_ReachDRR_CPD,2000
DSC001,2022,KPI_ReachH_CPD,
DSC001,2022,KPI_ReachHI_CPD,56
DSC001,2022,KPI_ReachHPM_CPD,
DSC001,2022,KPI_ReachL_CPD,
DSC001,2022,KPI_ReachLTSPD_CPD,
DSC001,2022,KPI_ReachM_CPD,
DSC001,2022,KPI_ReachRCRCEd_CPD,
DSC001,2022,KPI_ReachS_CPD,
DSC001,2022,KPI_ReachSI_CPD,
DSC001,2022,KPI_ReachWASH_CPD,100
DSC001,2022,KPI_TrainFA_Tot,668
DSC001,2022,KPI_DonBlood_Tot,11
DSC001,2022,KPI_PeopleVol_Tot,84
DSC001,2022,KPI_PStaff_Tot,8
DSC001,2022,KPI_noLocalUnits,1
DSC001,2022,KPI_IncomeLC_CHF,
DSC001,2022,KPI_expenditureLC_CHF,
DSO001,2022,KPI_Climate_CPD,0
DSO001,2022,KPI_ClimateHeat_CPD,0
DSO001,2022,KPI_ReachCTP_CPD,1180704
DSO001,2022,KPI_ReachDRER_CPD,1201020
DSO001,2022,KPI_ReachDRR_CPD,518818
DSO001,2022,KPI_ReachH_CPD,2727600
DSO001,2022,KPI_ReachHI_CPD,162269
DSO001,2022,KPI_ReachHPM_CPD,0
DSO001,2022,KPI_ReachL_CPD,122700
DSO001,2022,KPI_ReachLTSPD_CPD,23826
DSO001,2022,KPI_ReachM_CPD,0
DSO001,2022,KPI_ReachRCRCEd_CPD,0
DSO001,2022,KPI_ReachS_CPD,8754
DSO001,2022,KPI_ReachSI_CPD,13264
DSO001,2022,KPI_ReachWASH_CPD,508820
DSO001,2022,KPI_TrainFA_Tot,4542
DSO001,2022,KPI_DonBlood_Tot,20
DSO001,2022,KPI_PeopleVol_Tot,5169
DSO001,2022,KPI_PStaff_Tot,1183
DSO001,2022,KPI_noLocalUnits,19
DSO001,2022,KPI_IncomeLC_CHF,20411149
DSO001,2022,KPI_expenditureLC_CHF,20076256
DSS001,2022,KPI_Climate_CPD,8500
DSS001,2022,KPI_ClimateHeat_CPD,0
DSS001,2022,KPI_ReachCTP_CPD,6123
DSS001,2022,KPI_ReachDRER_CPD,75759
DSS001,2022,KPI_ReachDRR_CPD,12816
DSS001,2022,KPI_ReachH_CPD,560788
DSS001,2022,KPI_ReachHI_CPD,35472
DSS001,2022,KPI_ReachHPM_CPD,67038
DSS001,2022,KPI_ReachL_CPD,4090
DSS001,2022,KPI_ReachLTSPD_CPD,94698
DSS001,2022,KPI_ReachM_CPD,75259
DSS001,2022,KPI_ReachRCRCEd_CPD,
DSS001,2022,KPI_ReachS_CPD,0
DSS001,2022,KPI_ReachSI_CPD,258950
DSS001,2022,KPI_ReachWASH_CPD,364799
DSS001,2022,KPI_TrainFA_Tot,2781
DSS001,2022,KPI_DonBlood_Tot,3674
DSS001,2022,KPI_PeopleVol_Tot,19009
DSS001,2022,KPI_PStaff_Tot,276
DSS001,2022,KPI_noLocalUnits,102
DSS001,2022,KPI_IncomeLC_CHF,12334843
DSS001,2022,KPI_expenditureLC_CHF,14855928
DSE001,2022,KPI_Climate_CPD,
DSE001,2022,KPI_ClimateHeat_CPD,
DSE001,2022,KPI_ReachCTP_CPD,
DSE001,2022,KPI_ReachDRER_CPD,
DSE001,2022,KPI_ReachDRR_CPD,
DSE001,2022,KPI_ReachH_CPD,
DSE001,2022,KPI_ReachHI_CPD,
DSE001,2022,KPI_ReachHPM_CPD,553
DSE001,2022,KPI_ReachL_CPD,
DSE001,2022,KPI_ReachLTSPD_CPD,
DSE001,2022,KPI_ReachM_CPD,
DSE001,2022,KPI_ReachRCRCEd_CPD,
DSE001,2022,KPI_ReachS_CPD,
DSE001,2022,KPI_ReachSI_CPD,
DSE001,2022,KPI_ReachWASH_CPD,
DSE001,2022,KPI_TrainFA_Tot,8350
DSE001,2022,KPI_DonBlood_Tot,
DSE001,2022,KPI_PeopleVol_Tot,25000
DSE001,2022,KPI_PStaff_Tot,441
DSE001,2022,KPI_noLocalUnits,463
DSE001,2022,KPI_IncomeLC_CHF,121568333
DSE001,2022,KPI_expenditureLC_CHF,106319509
DCH001,2022,KPI_Climate_CPD,
DCH001,2022,KPI_ClimateHeat_CPD,
DCH001,2022,KPI_ReachCTP_CPD,
DCH001,2022,KPI_ReachDRER_CPD,
DCH001,2022,KPI_ReachDRR_CPD,
DCH001,2022,KPI_ReachH_CPD,
DCH001,2022,KPI_ReachHI_CPD,
DCH001,2022,KPI_ReachHPM_CPD,
DCH001,2022,KPI_ReachL_CPD,
DCH001,2022,KPI_ReachLTSPD_CPD,592629
DCH001,2022,KPI_ReachM_CPD,
DCH001,2022,KPI_ReachRCRCEd_CPD,
DCH001,2022,KPI_ReachS_CPD,
DCH001,2022,KPI_ReachSI_CPD,
DCH001,2022,KPI_ReachWASH_CPD,
DCH001,2022,KPI_TrainFA_Tot,108993
DCH001,2022,KPI_DonBlood_Tot,213293
DCH001,2022,KPI_PeopleVol_Tot,50435
DCH001,2022,KPI_PStaff_Tot,5330
DCH001,2022,KPI_noLocalUnits,107
DCH001,2022,KPI_IncomeLC_CHF,654035000
DCH001,2022,KPI_expenditureLC_CHF,638349000
DTZ001,2022,KPI_Climate_CPD,
DTZ001,2022,KPI_ClimateHeat_CPD,
DTZ001,2022,KPI_ReachCTP_CPD,7391
DTZ001,2022,KPI_ReachDRER_CPD,18000
DTZ001,2022,KPI_ReachDRR_CPD,53386
DTZ001,2022,KPI_ReachH_CPD,204242
DTZ001,2022,KPI_ReachHI_CPD,6177153
DTZ001,2022,KPI_ReachHPM_CPD,5142
DTZ001,2022,KPI_ReachL_CPD,6340
DTZ001,2022,KPI_ReachLTSPD_CPD,210574
DTZ001,2022,KPI_ReachM_CPD,79838
DTZ001,2022,KPI_ReachRCRCEd_CPD,168607
DTZ001,2022,KPI_ReachS_CPD,
DTZ001,2022,KPI_ReachSI_CPD,347
DTZ001,2022,KPI_ReachWASH_CPD,415555
DTZ001,2022,KPI_TrainFA_Tot,321
DTZ001,2022,KPI_DonBlood_Tot,1980
DTZ001,2022,KPI_PeopleVol_Tot,135073
DTZ001,2022,KPI_PStaff_Tot,523
DTZ001,2022,KPI_noLocalUnits,1489
DTZ001,2022,KPI_IncomeLC_CHF,3061790
DTZ001,2022,KPI_expenditureLC_CHF,2891287
DBB001,2022,KPI_Climate_CPD,
DBB001,2022,KPI_ClimateHeat_CPD,
DBB001,2022,KPI_ReachCTP_CPD,
DBB001,2022,KPI_ReachDRER_CPD,
DBB001,2022,KPI_ReachDRR_CPD,
DBB001,2022,KPI_ReachH_CPD,
DBB001,2022,KPI_ReachHI_CPD,
DBB001,2022,KPI_ReachHPM_CPD,
DBB001,2022,KPI_ReachL_CPD,
DBB001,2022,KPI_ReachLTSPD_CPD,
DBB001,2022,KPI_ReachM_CPD,
DBB001,2022,KPI_ReachRCRCEd_CPD,
DBB001,2022,KPI_ReachS_CPD,
DBB001,2022,KPI_ReachSI_CPD,
DBB001,2022,KPI_ReachWASH_CPD,
DBB001,2022,KPI_TrainFA_Tot,506
DBB001,2022,KPI_DonBlood_Tot,
DBB001,2022,KPI_PeopleVol_Tot,144
DBB001,2022,KPI_PStaff_Tot,8
DBB001,2022,KPI_noLocalUnits,1
DBB001,2022,KPI_IncomeLC_CHF,
DBB001,2022,KPI_expenditureLC_CHF,
DKM001,2022,KPI_Climate_CPD,
DKM001,2022,KPI_ClimateHeat_CPD,
DKM001,2022,KPI_ReachCTP_CPD,89
DKM001,2022,KPI_ReachDRER_CPD,315870
DKM001,2022,KPI_ReachDRR_CPD,245755
DKM001,2022,KPI_ReachH_CPD,330
DKM001,2022,KPI_ReachHI_CPD,330
DKM001,2022,KPI_ReachHPM_CPD,235
DKM001,2022,KPI_ReachL_CPD,547
DKM001,2022,KPI_ReachLTSPD_CPD,1369
DKM001,2022,KPI_ReachM_CPD,200
DKM001,2022,KPI_ReachRCRCEd_CPD,
DKM001,2022,KPI_ReachS_CPD,
DKM001,2022,KPI_ReachSI_CPD,86759
DKM001,2022,KPI_ReachWASH_CPD,234888
DKM001,2022,KPI_TrainFA_Tot,237
DKM001,2022,KPI_DonBlood_Tot,37
DKM001,2022,KPI_PeopleVol_Tot,3000
DKM001,2022,KPI_PStaff_Tot,21
DKM001,2022,KPI_noLocalUnits,224
DKM001,2022,KPI_IncomeLC_CHF,689767
DKM001,2022,KPI_expenditureLC_CHF,454504
DGY001,2022,KPI_Climate_CPD,
DGY001,2022,KPI_ClimateHeat_CPD,
DGY001,2022,KPI_ReachCTP_CPD,
DGY001,2022,KPI_ReachDRER_CPD,3974
DGY001,2022,KPI_ReachDRR_CPD,
DGY001,2022,KPI_ReachH_CPD,4932
DGY001,2022,KPI_ReachHI_CPD,3974
DGY001,2022,KPI_ReachHPM_CPD,
DGY001,2022,KPI_ReachL_CPD,65
DGY001,2022,KPI_ReachLTSPD_CPD,6047
DGY001,2022,KPI_ReachM_CPD,
DGY001,2022,KPI_ReachRCRCEd_CPD,
DGY001,2022,KPI_ReachS_CPD,
DGY001,2022,KPI_ReachSI_CPD,
DGY001,2022,KPI_ReachWASH_CPD,
DGY001,2022,KPI_TrainFA_Tot,71
DGY001,2022,KPI_DonBlood_Tot,60
DGY001,2022,KPI_PeopleVol_Tot,150
DGY001,2022,KPI_PStaff_Tot,11
DGY001,2022,KPI_noLocalUnits,3
DGY001,2022,KPI_IncomeLC_CHF,
DGY001,2022,KPI_expenditureLC_CHF,
DNL001,2022,KPI_Climate_CPD,
DNL001,2022,KPI_ClimateHeat_CPD,923417
DNL001,2022,KPI_ReachCTP_CPD,
DNL001,2022,KPI_ReachDRER_CPD,1022066
DNL001,2022,KPI_ReachDRR_CPD,
DNL001,2022,KPI_ReachH_CPD,443687
DNL001,2022,KPI_ReachHI_CPD,
DNL001,2022,KPI_ReachHPM_CPD,485
DNL001,2022,KPI_ReachL_CPD,
DNL001,2022,KPI_ReachLTSPD_CPD,10560
DNL001,2022,KPI_ReachM_CPD,38348
DNL001,2022,KPI_ReachRCRCEd_CPD,
DNL001,2022,KPI_ReachS_CPD,40011
DNL001,2022,KPI_ReachSI_CPD,
DNL001,2022,KPI_ReachWASH_CPD,
DNL001,2022,KPI_TrainFA_Tot,90279
DNL001,2022,KPI_DonBlood_Tot,
DNL001,2022,KPI_PeopleVol_Tot,11506
DNL001,2022,KPI_PStaff_Tot,794
DNL001,2022,KPI_noLocalUnits,23
DNL001,2022,KPI_IncomeLC_CHF,175588757
DNL001,2022,KPI_expenditureLC_CHF,174032344
DPS001,2022,KPI_Climate_CPD,0
DPS001,2022,KPI_ClimateHeat_CPD,247470
DPS001,2022,KPI_ReachCTP_CPD,361125
DPS001,2022,KPI_ReachDRER_CPD,763205
DPS001,2022,KPI_ReachDRR_CPD,247470
DPS001,2022,KPI_ReachH_CPD,9188600
DPS001,2022,KPI_ReachHI_CPD,
DPS001,2022,KPI_ReachHPM_CPD,105110
DPS001,2022,KPI_ReachL_CPD,552260
DPS001,2022,KPI_ReachLTSPD_CPD,9279700
DPS001,2022,KPI_ReachM_CPD,
DPS001,2022,KPI_ReachRCRCEd_CPD,219
DPS001,2022,KPI_ReachS_CPD,763205
DPS001,2022,KPI_ReachSI_CPD,177070
DPS001,2022,KPI_ReachWASH_CPD,68175
DPS001,2022,KPI_TrainFA_Tot,17023
DPS001,2022,KPI_DonBlood_Tot,
DPS001,2022,KPI_PeopleVol_Tot,7856
DPS001,2022,KPI_PStaff_Tot,3850
DPS001,2022,KPI_noLocalUnits,33
DPS001,2022,KPI_IncomeLC_CHF,24594801
DPS001,2022,KPI_expenditureLC_CHF,22547815
DMK001,2022,KPI_Climate_CPD,
DMK001,2022,KPI_ClimateHeat_CPD,
DMK001,2022,KPI_ReachCTP_CPD,
DMK001,2022,KPI_ReachDRER_CPD,1264
DMK001,2022,KPI_ReachDRR_CPD,22921
DMK001,2022,KPI_ReachH_CPD,34006
DMK001,2022,KPI_ReachHI_CPD,
DMK001,2022,KPI_ReachHPM_CPD,
DMK001,2022,KPI_ReachL_CPD,
DMK001,2022,KPI_ReachLTSPD_CPD,63121
DMK001,2022,KPI_ReachM_CPD,22335
DMK001,2022,KPI_ReachRCRCEd_CPD,
DMK001,2022,KPI_ReachS_CPD,199
DMK001,2022,KPI_ReachSI_CPD,
DMK001,2022,KPI_ReachWASH_CPD,134
DMK001,2022,KPI_TrainFA_Tot,24492
DMK001,2022,KPI_DonBlood_Tot,44520
DMK001,2022,KPI_PeopleVol_Tot,3978
DMK001,2022,KPI_PStaff_Tot,191
DMK001,2022,KPI_noLocalUnits,33
DMK001,2022,KPI_IncomeLC_CHF,4524672
DMK001,2022,KPI_expenditureLC_CHF,3907275
DRS001,2022,KPI_Climate_CPD,
DRS001,2022,KPI_ClimateHeat_CPD,
DRS001,2022,KPI_ReachCTP_CPD,3932
DRS001,2022,KPI_ReachDRER_CPD,197106
DRS001,2022,KPI_ReachDRR_CPD,224186
DRS001,2022,KPI_ReachH_CPD,56463
DRS001,2022,KPI_ReachHI_CPD,24415
DRS001,2022,KPI_ReachHPM_CPD,58
DRS001,2022,KPI_ReachL_CPD,
DRS001,2022,KPI_ReachLTSPD_CPD,858510
DRS001,2022,KPI_ReachM_CPD,2270
DRS001,2022,KPI_ReachRCRCEd_CPD,32336
DRS001,2022,KPI_ReachS_CPD,
DRS001,2022,KPI_ReachSI_CPD,44354
DRS001,2022,KPI_ReachWASH_CPD,
DRS001,2022,KPI_TrainFA_Tot,29128
DRS001,2022,KPI_DonBlood_Tot,
DRS001,2022,KPI_PeopleVol_Tot,45861
DRS001,2022,KPI_PStaff_Tot,893
DRS001,2022,KPI_noLocalUnits,185
DRS001,2022,KPI_IncomeLC_CHF,2731564
DRS001,2022,KPI_expenditureLC_CHF,2728127
DKR001,2022,KPI_Climate_CPD,58207
DKR001,2022,KPI_ClimateHeat_CPD,
DKR001,2022,KPI_ReachCTP_CPD,18650
DKR001,2022,KPI_ReachDRER_CPD,1432262
DKR001,2022,KPI_ReachDRR_CPD,30987
DKR001,2022,KPI_ReachH_CPD,1087761
DKR001,2022,KPI_ReachHI_CPD,
DKR001,2022,KPI_ReachHPM_CPD,37770
DKR001,2022,KPI_ReachL_CPD,11745
DKR001,2022,KPI_ReachLTSPD_CPD,26658
DKR001,2022,KPI_ReachM_CPD,2574
DKR001,2022,KPI_ReachRCRCEd_CPD,32987
DKR001,2022,KPI_ReachS_CPD,1328
DKR001,2022,KPI_ReachSI_CPD,
DKR001,2022,KPI_ReachWASH_CPD,6000
DKR001,2022,KPI_TrainFA_Tot,2445003
DKR001,2022,KPI_DonBlood_Tot,2445003
DKR001,2022,KPI_PeopleVol_Tot,126330
DKR001,2022,KPI_PStaff_Tot,3844
DKR001,2022,KPI_noLocalUnits,91
DKR001,2022,KPI_IncomeLC_CHF,576961175
DKR001,2022,KPI_expenditureLC_CHF,548106034
DSB001,2022,KPI_Climate_CPD,
DSB001,2022,KPI_ClimateHeat_CPD,
DSB001,2022,KPI_ReachCTP_CPD,
DSB001,2022,KPI_ReachDRER_CPD,103
DSB001,2022,KPI_ReachDRR_CPD,484
DSB001,2022,KPI_ReachH_CPD,56296
DSB001,2022,KPI_ReachHI_CPD,
DSB001,2022,KPI_ReachHPM_CPD,
DSB001,2022,KPI_ReachL_CPD,
DSB001,2022,KPI_ReachLTSPD_CPD,57190
DSB001,2022,KPI_ReachM_CPD,
DSB001,2022,KPI_ReachRCRCEd_CPD,
DSB001,2022,KPI_ReachS_CPD,103
DSB001,2022,KPI_ReachSI_CPD,94
DSB001,2022,KPI_ReachWASH_CPD,
DSB001,2022,KPI_TrainFA_Tot,694
DSB001,2022,KPI_DonBlood_Tot,
DSB001,2022,KPI_PeopleVol_Tot,114
DSB001,2022,KPI_PStaff_Tot,25
DSB001,2022,KPI_noLocalUnits,7
DSB001,2022,KPI_IncomeLC_CHF,553247
DSB001,2022,KPI_expenditureLC_CHF,545754
DSD001,2022,KPI_Climate_CPD,344078
DSD001,2022,KPI_ClimateHeat_CPD,
DSD001,2022,KPI_ReachCTP_CPD,685695
DSD001,2022,KPI_ReachDRER_CPD,60000
DSD001,2022,KPI_ReachDRR_CPD,478338
DSD001,2022,KPI_ReachH_CPD,493448
DSD001,2022,KPI_ReachHI_CPD,189602
DSD001,2022,KPI_ReachHPM_CPD,264499
DSD001,2022,KPI_ReachL_CPD,315000
DSD001,2022,KPI_ReachLTSPD_CPD,42000
DSD001,2022,KPI_ReachM_CPD,176037
DSD001,2022,KPI_ReachRCRCEd_CPD,
DSD001,2022,KPI_ReachS_CPD,
DSD001,2022,KPI_ReachSI_CPD,16184
DSD001,2022,KPI_ReachWASH_CPD,531896
DSD001,2022,KPI_TrainFA_Tot,10000
DSD001,2022,KPI_DonBlood_Tot,
DSD001,2022,KPI_PeopleVol_Tot,10000
DSD001,2022,KPI_PStaff_Tot,500
DSD001,2022,KPI_noLocalUnits,18
DSD001,2022,KPI_IncomeLC_CHF,
DSD001,2022,KPI_expenditureLC_CHF,
DUG001,2022,KPI_Climate_CPD,
DUG001,2022,KPI_ClimateHeat_CPD,
DUG001,2022,KPI_ReachCTP_CPD,52723
DUG001,2022,KPI_ReachDRER_CPD,21844
DUG001,2022,KPI_ReachDRR_CPD,3023
DUG001,2022,KPI_ReachH_CPD,1942155
DUG001,2022,KPI_ReachHI_CPD,1178000
DUG001,2022,KPI_ReachHPM_CPD,3432
DUG001,2022,KPI_ReachL_CPD,3457
DUG001,2022,KPI_ReachLTSPD_CPD,35953
DUG001,2022,KPI_ReachM_CPD,349036
DUG001,2022,KPI_ReachRCRCEd_CPD,9009971
DUG001,2022,KPI_ReachS_CPD,8426
DUG001,2022,KPI_ReachSI_CPD,13
DUG001,2022,KPI_ReachWASH_CPD,59587
DUG001,2022,KPI_TrainFA_Tot,154
DUG001,2022,KPI_DonBlood_Tot,184005
DUG001,2022,KPI_PeopleVol_Tot,2980
DUG001,2022,KPI_PStaff_Tot,254
DUG001,2022,KPI_noLocalUnits,51
DUG001,2022,KPI_IncomeLC_CHF,9983833
DUG001,2022,KPI_expenditureLC_CHF,
DTL001,2022,KPI_Climate_CPD,360
DTL001,2022,KPI_ClimateHeat_CPD,
DTL001,2022,KPI_ReachCTP_CPD,872
DTL001,2022,KPI_ReachDRER_CPD,7261
DTL001,2022,KPI_ReachDRR_CPD,4479
DTL001,2022,KPI_ReachH_CPD,589055
DTL001,2022,KPI_ReachHI_CPD,43566
DTL001,2022,KPI_ReachHPM_CPD,77
DTL001,2022,KPI_ReachL_CPD,69
DTL001,2022,KPI_ReachLTSPD_CPD,605337
DTL001,2022,KPI_ReachM_CPD,
DTL001,2022,KPI_ReachRCRCEd_CPD,
DTL001,2022,KPI_ReachS_CPD,
DTL001,2022,KPI_ReachSI_CPD,483
DTL001,2022,KPI_ReachWASH_CPD,20855
DTL001,2022,KPI_TrainFA_Tot,436
DTL001,2022,KPI_DonBlood_Tot,
DTL001,2022,KPI_PeopleVol_Tot,792
DTL001,2022,KPI_PStaff_Tot,134
DTL001,2022,KPI_noLocalUnits,14
DTL001,2022,KPI_IncomeLC_CHF,1800839
DTL001,2022,KPI_expenditureLC_CHF,1719475
DTG001,2022,KPI_Climate_CPD,31029
DTG001,2022,KPI_ClimateHeat_CPD,
DTG001,2022,KPI_ReachCTP_CPD,
DTG001,2022,KPI_ReachDRER_CPD,1794619
DTG001,2022,KPI_ReachDRR_CPD,23434
DTG001,2022,KPI_ReachH_CPD,1937723
DTG001,2022,KPI_ReachHI_CPD,3536
DTG001,2022,KPI_ReachHPM_CPD,
DTG001,2022,KPI_ReachL_CPD,3632
DTG001,2022,KPI_ReachLTSPD_CPD,99805
DTG001,2022,KPI_ReachM_CPD,
DTG001,2022,KPI_ReachRCRCEd_CPD,
DTG001,2022,KPI_ReachS_CPD,
DTG001,2022,KPI_ReachSI_CPD,47726
DTG001,2022,KPI_ReachWASH_CPD,143785
DTG001,2022,KPI_TrainFA_Tot,1172
DTG001,2022,KPI_DonBlood_Tot,1505
DTG001,2022,KPI_PeopleVol_Tot,42908
DTG001,2022,KPI_PStaff_Tot,92
DTG001,2022,KPI_noLocalUnits,240
DTG001,2022,KPI_IncomeLC_CHF,3172854
DTG001,2022,KPI_expenditureLC_CHF,2308897
DTR001,2022,KPI_Climate_CPD,4580
DTR001,2022,KPI_ClimateHeat_CPD,
DTR001,2022,KPI_ReachCTP_CPD,3389553
DTR001,2022,KPI_ReachDRER_CPD,8923423
DTR001,2022,KPI_ReachDRR_CPD,195005
DTR001,2022,KPI_ReachH_CPD,10946833
DTR001,2022,KPI_ReachHI_CPD,
DTR001,2022,KPI_ReachHPM_CPD,105338
DTR001,2022,KPI_ReachL_CPD,16591614
DTR001,2022,KPI_ReachLTSPD_CPD,33210635
DTR001,2022,KPI_ReachM_CPD,5283877
DTR001,2022,KPI_ReachRCRCEd_CPD,533256
DTR001,2022,KPI_ReachS_CPD,409740
DTR001,2022,KPI_ReachSI_CPD,3094500
DTR001,2022,KPI_ReachWASH_CPD,312871
DTR001,2022,KPI_TrainFA_Tot,4800905
DTR001,2022,KPI_DonBlood_Tot,2328069
DTR001,2022,KPI_PeopleVol_Tot,242342
DTR001,2022,KPI_PStaff_Tot,15524
DTR001,2022,KPI_noLocalUnits,1687
DTR001,2022,KPI_IncomeLC_CHF,815847715
DTR001,2022,KPI_expenditureLC_CHF,787094228
DYE001,2022,KPI_Climate_CPD,913
DYE001,2022,KPI_ClimateHeat_CPD,
DYE001,2022,KPI_ReachCTP_CPD,510984
DYE001,2022,KPI_ReachDRER_CPD,1812309
DYE001,2022,KPI_ReachDRR_CPD,226189
DYE001,2022,KPI_ReachH_CPD,1134055
DYE001,2022,KPI_ReachHI_CPD,44887
DYE001,2022,KPI_ReachHPM_CPD,16780
DYE001,2022,KPI_ReachL_CPD,687828
DYE001,2022,KPI_ReachLTSPD_CPD,3694035
DYE001,2022,KPI_ReachM_CPD,762890
DYE001,2022,KPI_ReachRCRCEd_CPD,10500
DYE001,2022,KPI_ReachS_CPD,333508
DYE001,2022,KPI_ReachSI_CPD,4871
DYE001,2022,KPI_ReachWASH_CPD,1202413
DYE001,2022,KPI_TrainFA_Tot,597
DYE001,2022,KPI_DonBlood_Tot,
DYE001,2022,KPI_PeopleVol_Tot,5402
DYE001,2022,KPI_PStaff_Tot,450
DYE001,2022,KPI_noLocalUnits,32
DYE001,2022,KPI_IncomeLC_CHF,3827509
DYE001,2022,KPI_expenditureLC_CHF,3758236
DZW001,2022,KPI_Climate_CPD,57721
DZW001,2022,KPI_ClimateHeat_CPD,
DZW001,2022,KPI_ReachCTP_CPD,58972
DZW001,2022,KPI_ReachDRER_CPD,68018
DZW001,2022,KPI_ReachDRR_CPD,82647
DZW001,2022,KPI_ReachH_CPD,110020
DZW001,2022,KPI_ReachHI_CPD,
DZW001,2022,KPI_ReachHPM_CPD,2350
DZW001,2022,KPI_ReachL_CPD,43458
DZW001,2022,KPI_ReachLTSPD_CPD,94092
DZW001,2022,KPI_ReachM_CPD,6191
DZW001,2022,KPI_ReachRCRCEd_CPD,
DZW001,2022,KPI_ReachS_CPD,1016
DZW001,2022,KPI_ReachSI_CPD,13759
DZW001,2022,KPI_ReachWASH_CPD,65041
DZW001,2022,KPI_TrainFA_Tot,37613
DZW001,2022,KPI_DonBlood_Tot,
DZW001,2022,KPI_PeopleVol_Tot,1520
DZW001,2022,KPI_PStaff_Tot,147
DZW001,2022,KPI_noLocalUnits,132
DZW001,2022,KPI_IncomeLC_CHF,10411539
DZW001,2022,KPI_expenditureLC_CHF,9652838
